crop_path	page_id	page_num	line_num	label	transcription	source_page_image	x0	y0	x1	y1
line_crops/page001_line001.png	262534008	1	1	Sanskrit Text	र्द्ध्यो व्वि॒ ष्णुः प रा र्द्ध्यं स्त त्स॒ र्व्वा श्चै॒ वै त॒ द्दे व॒ ताः प रि गृ॒ ह्य	00000060.png	152	146	1758	292
line_crops/page001_line002.png	262534008	1	2	Sanskrit Text	स॒ र्व्वं च य ज्ञं॒ प रि गृ॒ ह्य सू या ऽ इ॒ ति त॒ स्मा दा ग्ना वै	00000060.png	150	296	1779	416
line_crops/page001_line003.png	262534008	1	3	Sanskrit Text	ष्ण व ऽ ए॒ का द श क पा लः पु रो डा॒ शो भ व ति त॒ स्य हि॒	00000060.png	242	429	1780	545
line_crops/page001_line004.png	262534008	1	4	Sanskrit Text	र ण्यं द॒ क्षि णा ग्ने यो वा॒ ऽ ए ष॒ य ज्ञो॒ भ व त्य ग्ने रे॒ तो हि॒	00000060.png	210	537	1767	672
line_crops/page001_line005.png	262534008	1	5	Sanskrit Text	र ण्यं यो वै वि॒ ष्णुः स॒ य॒ ज्ञो ग्नि॒ रु वै॒ य ज्ञ॒ ऽ ए व त॒ दु त॒	00000060.png	230	663	1760	796
line_crops/page001_line006.png	262534008	1	6	Sanskrit Text	दा ग्ने य॒ मे व त॒ स्मा द्धि॒ र ण्यं द॒ क्षि णा॒।६। अ॒ थ श्वो॒ भू	00000060.png	254	801	1878	920
line_crops/page001_line007.png	262534008	1	7	Sanskrit Text	ते॒। अ ग्नी षो मी॒ य मे॒ का द श क पा लं पु रो डा॒ शं नि॒ र्व्व	00000060.png	246	1321	1811	1447
line_crops/page001_line008.png	262534008	1	8	Sanskrit Text	प ति ते॒ न य थे॒ ष्ट्यै वं॒ य ज त ऽ ए ते॒ न वा इं॒ द्रो व्वृ त्र॒ म ह	00000060.png	258	1450	1819	1581
line_crops/page001_line009.png	262534008	1	9	Sanskrit Text	न्ने ते॒ नो ऽ ए व व्य॒ ज य त या॒ स्ये यं व्वि॒ जि ति स्तां त॒ थो ऽ ए॒	00000060.png	242	1565	1773	1688
line_crops/page001_line010.png	262534008	1	10	Sanskrit Text	वै ष॒ ऽ ए ते॒ न पा प्मा॒ नं द्वि ष॒ न्तं भ्रा॒ तृ व्य ᳰ हं ति त॒ थो ऽ	00000060.png	274	1690	1797	1811
line_crops/page001_line011.png	262534008	1	11	Sanskrit Text	ए व व्वि॒ ज य ते व्वि॒ जि ते॒ भ ये ना ष्ट्रे॒ सू या ऽ इ॒ ति त॒ स्मा द	00000060.png	262	1786	1864	1932
line_crops/page001_line012.png	262534008	1	12	Sanskrit Text	ग्नी षो मी॒ य ऽ ए॒ का द श क पा लः पु रो डा॒ शो भ व ति	00000060.png	269	1928	1814	2049
line_crops/page003_line001.png	262534010	3	1	Sanskrit Text	अ॒ नु म त्यै ह वि॒ र ष्टा॒ क पा ल म्पु रो डा॒ शं नि॒ र्व्व प ति स ये॒	00000058.png	263	156	1805	291
line_crops/page003_line002.png	262534010	3	2	Sanskrit Text	ज घ॒ ने न श॒ म्यां पि ष्य॒ मा णा ना म व शी यं॒ ते पि ष्टा॒ नि	00000058.png	266	276	1832	404
line_crops/page003_line003.png	262534010	3	3	Sanskrit Text	वा त ण्डु ला॒ वा तां॒ त्स्रु वे॒ सा र्ध ᳰ सं॒ व्व प त्य न्वा हा र्य प॒ च	00000058.png	252	409	1811	543
line_crops/page003_line004.png	262534010	3	4	Sanskrit Text	ना दु॒ ल्मु क मा॒ द द ते ते॒ न द क्षि णा॒ य न्ति स य॒ त्र स्व॒ कृ	00000058.png	279	537	1807	682
line_crops/page003_line005.png	262534010	3	5	Sanskrit Text	तं व्वे॒ रि णं व्विं द॒ ति श्व भ्र प्र द रं॒ वा। श त॒ द ग्नि॒ ᳰ स मा धा॒	00000058.png	268	693	1810	824
line_crops/page003_line006.png	262534010	3	6	Sanskrit Text	य जु हो ति। ए ष॒ ते नि रृ ते भा ग स्तं॒ जु ष स्व स्वा हे॒ ती यं	00000058.png	305	811	1792	966
line_crops/page003_line007.png	262534010	3	7	Sanskrit Text	वै नि॒ रृ तिः सा यं॒ पा प्म॒ ना गृ ह्णा॒ ति तं नि॒ रृ त्या गृ ह्णा ति	00000058.png	256	1256	1815	1401
line_crops/page003_line008.png	262534010	3	8	Sanskrit Text	त द्य॒ दे॒ वा स्या ऽ अ॒ त्र नै रृ त॒ ᳰ रू पं त॒ दे॒ वै त॒ छ म य ति त॒	00000058.png	259	1393	1805	1541
line_crops/page003_line009.png	262534010	3	9	Sanskrit Text	थो है न ᳰ सू य॒ मा नं नि॒ रृ ति र्न॒ गृ ह्णा त्य॒ थ य त्स्व॒ कृ ते	00000058.png	256	1543	1791	1664
line_crops/page003_line010.png	262534010	3	10	Sanskrit Text	वे॒ रि णे जु हो॒ ति श्व भ्र प्र द रे॒ वै त॒ दु ह्य॒ स्यै नि॒ रृ ति गृ ही	00000058.png	238	1677	1876	1833
line_crops/page003_line011.png	262534010	3	11	Sanskrit Text	तम्।३। अ था॒ प्र ती क्षं पु॒ न रा॒ यं ति। अ था॒ नु म त्या ऽ अ ष्टा॒ क	00000058.png	251	1835	1803	1973
line_crops/page003_line012.png	262534010	3	12	Sanskrit Text	पा ले न पु रो डा॒ शे न प्र॒ च र ती यं वा अ॒ नु म तिः स य स्त	00000058.png	247	1957	1850	2109
line_crops/page004_line001.png	262534011	4	1	Sanskrit Text	ते श स्त्र॒ स्य।१९। त द्धै॒ के। ऽ ए त त्कृ त्वा॒ थै त॒ त्कु र्व्वं ति त॒	00000057.png	245	126	1777	274
line_crops/page004_line002.png	262534011	4	2	Sanskrit Text	दु त॒ था न॒ कु र्या दा त्मा वै॒ स्तो त्रं॒ प्र जा॒ श स्त्र॒ मे त॒ स्मा	00000057.png	235	266	1890	411
line_crops/page004_line003.png	262534011	4	3	Sanskrit Text	द्ध स य॒ ज मा नं प्र॒ णा श य ति स॒ जि ह्म॒ ऽ ए ति स॒ ह्व ल	00000057.png	225	406	1781	541
line_crops/page004_line004.png	262534011	4	4	Sanskrit Text	ति त॒ स्मा दे त॒ दे व॒ कृ त्वा॒ थै त॒ त्कु र्यात्।२०॥ अ थे॒ डा	00000057.png	222	547	1805	675
line_crops/page004_line005.png	262534011	4	5	Sanskrit Text	मा॒ द धा ति। उ॒ प हू ता या मि॒ डा या म प॒ ऽ उ प स्पृ॒ श्य	00000057.png	201	687	1825	815
line_crops/page004_line006.png	262534011	4	6	Sanskrit Text	मा हे न्द्रं ग्र॒ हं गृ ह्णा ति मा हे न्द्रं ग्र॒ हं गृ ही त्वा॒ स्तो त्र॒ मु	00000057.png	222	804	1829	938
line_crops/page004_line007.png	262534011	4	7	Sanskrit Text	पा॒ क रो ति त॒ ᳬ स्तो त्रा॒ य प्र॒ मी व ति स॒ ऽ उ पा॒ व रो	00000057.png	276	1239	1812	1387
line_crops/page004_line008.png	262534011	4	8	Sanskrit Text	ह ति सो॒ न्ते स्तो त्र॒ स्य भ॒ व त्यं॒ ते श स्त्र॒ स्य।२१। ब्रा	00000057.png	249	1399	1849	1514
line_crops/page004_line009.png	262534011	4	9	Sanskrit Text	ह्म णं॥१॥ पू र्णा हु तिं॒ जु हो ति। स॒ र्व्वं वै॒ पू र्ण ᳰ स॒	00000057.png	263	1526	1805	1637
line_crops/page004_line010.png	262534011	4	10	Sanskrit Text	र्व्वं प रि गृ॒ ह्य सू या ऽ इ॒ ति त॒ स्यां व॒ रं द दा ति स॒ र्व्वं व्वै व्व॒ रः	00000057.png	256	1643	1808	1760
line_crops/page004_line011.png	262534011	4	11	Sanskrit Text	स॒ र्व्वं प रि गृ॒ ह्य सू या ऽ इ॒ ति स य॒ दि का म॒ ये त जु हु या॒	00000057.png	269	1752	1815	1887
line_crops/page004_line012.png	262534011	4	12	Sanskrit Text	दे तां य॒ द्यु का म॒ ये ता॒ पि ना॒ द्रि ये त॒।१। अ॒ थ श्वो॒ भू ते॒	00000057.png	249	1886	1805	2010
line_crops/page005_line001.png	262534012	5	1	Sanskrit Text	यं स्त॒ दे॒ वै ष॒ ऽ ए ता॒ भि रु॒ ज्ज य ति स प्त॒ द श भ वं ति स	00000056.png	266	136	1880	284
line_crops/page005_line002.png	262534012	5	2	Sanskrit Text	प्त द शो वै॒ प्र जा॒ प ति स्त॒ त्प्र जा॒ प ति मु॒ ज्ज य ति।१९।	00000056.png	249	287	1839	401
line_crops/page005_line003.png	262534012	5	3	Sanskrit Text	अ॒ था हा ग्न॒ ये स्वि ष्ट कृ ते॒ नु ब्रू ही॒ ति। त द्य दं॒ त रे णा॒	00000056.png	239	403	1904	548
line_crops/page005_line004.png	262534012	5	4	Sanskrit Text	हु ती ऽ ए त त्क॒ र्म क्रि य॒ त ऽ ए ष वै॒ प्र जा॒ प ति र्य॒ ऽ ए ष॒ य	00000056.png	245	543	1873	658
line_crops/page005_line005.png	262534012	5	5	Sanskrit Text	ज्ञ॒ स्ता य॒ ते य॒ स्मा दि माः॒ प्र जाः प्र॒ जा ता ऽ ए त॒ म्वे वा॒ प्ये	00000056.png	239	643	1873	788
line_crops/page005_line006.png	262534012	5	6	Sanskrit Text	त र्ह्य॒ नु प्र॒ जा यं ते त॒ न्म ध्य त॒ ऽ ए वै त॒ त्प्र जा॒ प ति मु॒	00000056.png	239	769	1955	925
line_crops/page005_line007.png	262534012	5	7	Sanskrit Text	ज्ज य ति त॒ स्मा दं॒ त रे णा॒ हु ती ऽ ए त त्क॒ र्म क्रि य त आ	00000056.png	242	1249	1859	1401
line_crops/page005_line008.png	262534012	5	8	Sanskrit Text	श्रा॒ व्या हा ग्नि॒ ᳬ स्वि ष्ट कृ॒ तं य जे॒ ति व्व॒ ष ट्कृ ते जु	00000056.png	215	1393	1822	1527
line_crops/page005_line009.png	262534012	5	9	Sanskrit Text	हो ति।१८। अ थे॒ डा मा॒ द धा ति॒। उ॒ प हू ता या मि॒	00000056.png	215	1526	1863	1651
line_crops/page005_line010.png	262534012	5	10	Sanskrit Text	डा या म प॒ ऽ उ प स्पृ॒ श्य मा हें द्रं ग्र॒ हं गृ ह्णा ति मा हे न्द्रं	00000056.png	211	1646	1877	1777
line_crops/page005_line011.png	262534012	5	11	Sanskrit Text	ग्र॒ हं गृ ही त्वा॒ स्तो त्र॒ मु पा॒ क रो ति त॒ ᳬ स्तो त्रा॒ य प्र॒	00000056.png	208	1773	1863	1925
line_crops/page005_line012.png	262534012	5	12	Sanskrit Text	मी व ति स॒ ऽ उ पा॒ व रो ह ति सों॒ ते स्तो त्र॒ स्य भ॒ व त्यं॒	00000056.png	222	1906	1805	2031
line_crops/page006_line001.png	262534013	6	1	Sanskrit Text	बृ॒ ह स्प॒ ते ष्ट्वा सा॒ म्रा ज्ये ना भि॒ षिं चा म्य सा वि॒ ति ना॒	00000055.png	261	157	1912	309
line_crops/page006_line002.png	262534013	6	2	Sanskrit Text	म गृ ह्णा ति त द्बृ॒ ह स्प॒ ते रे वै॒ न मे त त्सा॒ यु ज्य ᳰ	00000055.png	265	307	1854	442
line_crops/page006_line003.png	262534013	6	3	Sanskrit Text	स लो क॒ तां ग म य ति।१४। अ॒ था ह। स म्रा॒ ड य॒ म	00000055.png	242	416	1831	541
line_crops/page006_line004.png	262534013	6	4	Sanskrit Text	सौ॒ स म्रा॒ ड य॒ म सा वि॒ ति नि॒ वे दि त मे॒ वै न मे त	00000055.png	252	547	1818	674
line_crops/page006_line005.png	262534013	6	5	Sanskrit Text	त्सं॒ तं दे वे॒ भ्यो नि॒ वे द य त्य यं॒ म हा॒ वी र्यो॒ यो भ्य॒	00000055.png	249	673	1790	798
line_crops/page006_line006.png	262534013	6	6	Sanskrit Text	षे ची॒ त्य यं॒ यु ष्मा कै॒ को भू त्तं॒ गो पा य ते॒ त्ये॒ वै त॒	00000055.png	238	800	1838	965
line_crops/page006_line007.png	262534013	6	7	Sanskrit Text	दा ह त्रि ष्कृ॒ त्व आ ह त्रि वृ द्धि॒ य ज्ञः।१५। अ थो॒ ज्जि तीः	00000055.png	199	1300	1874	1431
line_crops/page006_line008.png	262534013	6	8	Sanskrit Text	जु हो॒ ति वा व्वा च॒ य ति वा य॒ दि जु हो॒ ति य॒ दि व्वा च॒	00000055.png	199	1442	1864	1590
line_crops/page006_line009.png	262534013	6	9	Sanskrit Text	य ति स मा न॒ ऽ ए व बं॒ धुः।१६। स॒ व्वा च य ति। अ ग्नि	00000055.png	199	1587	1819	1739
line_crops/page006_line010.png	262534013	6	10	Sanskrit Text	रे॒ का क्ष रे ण प्रा ण मु॒ द ज य त्त मु॒ ज्जे षं प्र जा॒ प तिः	00000055.png	206	1727	1785	1865
line_crops/page006_line011.png	262534013	6	11	Sanskrit Text	स प्त॒ द शा क्ष रे ण स प्त द श ᳰ स्तो॒ म मु॒ द ज य त्त	00000055.png	196	1859	1809	2001
line_crops/page006_line012.png	262534013	6	12	Sanskrit Text	मु॒ ज्जे ष मि॒ ति त द्य॒ दे॒ वै ता॒ भि रे ता॒ दे व॒ ता ऽ उ द॒ ज	00000055.png	217	1961	1803	2099
line_crops/page010_line001.png	262534017	10	1	Sanskrit Text	स्वि ष्ट कृ द्भ॒ व त्य॒ था स्मा ऽ अ॒ न्न ᳰ स॒ म्भ र त्य॒ न्नं वा॒ ऽ	00000051.png	279	136	1788	301
line_crops/page010_line002.png	262534017	10	2	Sanskrit Text	ए ष उ॒ ज्ज य ति यो॒ व्वा ज पे॒ ये न य॒ ज ते न्न पे॒ य ᳰ	00000051.png	272	279	1819	421
line_crops/page010_line003.png	262534017	10	3	Sanskrit Text	ह वै ना॒ मै त द्य॒ द्वा ज पे॒ यं त द्य॒ दे॒ वै त द॒ न्न मु	00000051.png	262	416	1802	561
line_crops/page010_line004.png	262534017	10	4	Sanskrit Text	द॒ जै षी त्त॒ दे॒ वा स्मा ऽ ए त त्सं॒ भ र ति॒।१। औ॒ दुं ब रे	00000051.png	276	546	1806	691
line_crops/page010_line005.png	262534017	10	5	Sanskrit Text	पा त्रे॒। अ॒ न्नं वा ऽ ऊ॒ र्गु दुं ब॒ र ऽ ऊ र्जो॒ न्ना॒ द्य स्या॒ व	00000051.png	259	695	1775	840
line_crops/page010_line006.png	262534017	10	6	Sanskrit Text	रु द्ध्यै त॒ स्मा दौ दुं ब रे पा॒ त्रे॒ सो प॒ ऽ ए व॒ प्र थ माः	00000051.png	271	832	1753	970
line_crops/page010_line007.png	262534017	10	7	Sanskrit Text	सं॒ भ र त्य॒ थ प यो॒ थ य थो प स्मा र म॒ न्ना नि।२।	00000051.png	259	1233	1809	1375
line_crops/page010_line008.png	262534017	10	8	Sanskrit Text	त द्धै॒ के। स प्त॒ द शा॒ न्ना नि सं॒ भ रं ति स प्त द शः॒ प्र जा॒	00000051.png	255	1370	1857	1505
line_crops/page010_line009.png	262534017	10	9	Sanskrit Text	प ति रि॒ ति व्व॒ दं त स्त॒ दु त॒ था न॒ कु र्या त्प्र जा॒ प ते॒ र्न्वे॒	00000051.png	266	1483	1860	1624
line_crops/page010_line010.png	262534017	10	10	Sanskrit Text	व स॒ र्व्व म॒ न्न म॒ न व रु द्धं क॒ ऽ उ त॒ स्मै म नु ष्यो॒ यः	00000051.png	269	1609	1829	1744
line_crops/page010_line011.png	262534017	10	11	Sanskrit Text	स॒ र्व्व म॒ न्न म व रुं धी त त॒ स्मा दु स॒ र्व मे वा॒ न्नं य थो	00000051.png	251	1749	1852	1894
line_crops/page010_line012.png	262534017	10	12	Sanskrit Text	प स्मा॒ र ᳰ स म्भ॒ र न्ने॒ क म॒ न्नं न सं॒ भ रेत्।३। स य	00000051.png	254	1879	1817	2014
line_crops/page011_line001.png	262534018	11	1	Sanskrit Text	प्र त्य क्ष त मां य॒ द जा स्त॒ स्मा दे ता स्त्रिः॒ सं व्व त्स र॒	00000050.png	261	168	1807	306
line_crops/page011_line002.png	262534018	11	2	Sanskrit Text	स्य व्वि जा॒ य मा ना द्वौ त्री नि॒ ति ज न यं ति त॒ त्प्र	00000050.png	283	266	1806	410
line_crops/page011_line003.png	262534018	11	3	Sanskrit Text	जा॒ प ति मे॒ वै त॒ त्क रो ति त॒ स्मा द ज र्ष भ॒ स्या जि॒	00000050.png	265	397	1829	555
line_crops/page011_line004.png	262534018	11	4	Sanskrit Text	न मा॒ स्तृ णा ति।२४। स ऽ आ॒ स्तृ णा ति। इ यं॒ ते रा	00000050.png	279	543	1840	687
line_crops/page011_line005.png	262534018	11	5	Sanskrit Text	डि॒ ति रा ज्य॒ मे॒ वा स्मि न्ने त॒ द्द धा त्य॒ थै न मा॒ सा	00000050.png	272	673	1823	824
line_crops/page011_line006.png	262534018	11	6	Sanskrit Text	द य ति य न्ता॒ सि य॒ म न ऽ इ॒ ति य न्ता॒ र मे॒ वै न	00000050.png	290	796	1792	940
line_crops/page011_line007.png	262534018	11	7	Sanskrit Text	मे त द्य॒ म न मा सा म्प्र जा॒ नां क रो ति ध्रु वो॒ सि ध	00000050.png	245	1216	1771	1378
line_crops/page011_line008.png	262534018	11	8	Sanskrit Text	रु॒ ण ऽ इ॒ ति ध्रु व॒ मे॒ वै न मे त॒ द्ध रु॒ ण म स्मिं॒ लो	00000050.png	252	1360	1799	1508
line_crops/page011_line009.png	262534018	11	9	Sanskrit Text	के॒ क रो ति कृ ष्यै॒ त्वा क्षे॒ मा य त्वा र य्यै॒ त्वा पो॒ षा	00000050.png	262	1497	1836	1641
line_crops/page011_line010.png	262534018	11	10	Sanskrit Text	य त्वे॒ ति सा ध॒ वे त्वे॒ त्ये॒ वै त॒ दा ह।२५। ब्रा ह्म णं।६।	00000050.png	279	1623	1833	1765
line_crops/page011_line011.png	262534018	11	11	Sanskrit Text	प्रथमः प्रपाठकः समाप्तः। कंडिका।११७। बा	00000050.png	262	1760	1788	1881
line_crops/page011_line012.png	262534018	11	12	Sanskrit Text	र्ह स्प त्ये॒ न च रु॒ णा प्र॒ च र ति। त स्या॒ नि ष्ट ऽ ए व॒	00000050.png	255	1869	1860	2021
line_crops/page012_line001.png	262534019	12	1	Sanskrit Text	ति। अ मृ॒ त मा॒ यु र्हि॒ र ण्यं त॒ द मृ॒ त ऽ आ॒ यु षि प्र॒	00000049.png	279	129	1835	314
line_crops/page012_line002.png	262534019	12	2	Sanskrit Text	ति ति ष्ठ ति॒।२०। अ॒ था ज र्ष भ॒ स्या जि॒ न मु॒ प स्तृ	00000049.png	269	289	1814	431
line_crops/page012_line003.png	262534019	12	3	Sanskrit Text	णा ति। त॒ दु प॒ रि ष्टा द्रु क्मं नि॒ द धा ति त॒ म भ्य॒ व	00000049.png	259	419	1841	554
line_crops/page012_line004.png	262534019	12	4	Sanskrit Text	रो ह ती मां॒ वै व॒।२१। अ॒ था स्मा ऽ आ स न्दी मा॒	00000049.png	241	549	1780	666
line_crops/page012_line005.png	262534019	12	5	Sanskrit Text	ह र न्ति। उ प रि स॒ द्यं वा॒ ऽ ए ष॒ ज य ति यो ज॒ य त्य	00000049.png	269	665	1797	810
line_crops/page012_line006.png	262534019	12	6	Sanskrit Text	न्त रि क्ष स॒ द्यं त॒ दे न मु प र्या॒ सी न म ध॒ स्ता दि माः॒	00000049.png	269	798	1852	936
line_crops/page012_line007.png	262534019	12	7	Sanskrit Text	प्र जा ऽ उ॒ पा स ते त॒ स्मा द स्मा ऽ आ स न्दी मा॒ ह रं	00000049.png	227	1263	1796	1380
line_crops/page012_line008.png	262534019	12	8	Sanskrit Text	ति।२२। ओ॒ दुं ब री भ व ति॒। अ न्नं वा ऽऊ॒ र्गु दु म्ब॒ र ऽ	00000049.png	243	1388	1796	1536
line_crops/page012_line009.png	262534019	12	9	Sanskrit Text	ऊ र्जो॒ न्ना॒ द्य स्या॒ व रु द्ध्यै त॒ स्मा दौ॒ दुं ब री भ व ति	00000049.png	229	1523	1816	1686
line_crops/page012_line010.png	262534019	12	10	Sanskrit Text	ता म॒ ग्रे ण ह वि र्द्धा॒ ने ज घ॒ ने ना ह व नी॒ यं नि॒ द	00000049.png	244	1692	1827	1836
line_crops/page012_line011.png	262534019	12	11	Sanskrit Text	धा ति॒।२३। अ॒ था ज र्ष भ॒ स्या जि॒ न मा॒ स्तृ णा ति	00000049.png	250	1777	1840	1932
line_crops/page012_line012.png	262534019	12	12	Sanskrit Text	प्र जा॒ प ति र्व्वा॒ ऽ ए ष य॒ द ज र्ष भ॒ ऽ ए ता वै॒ प्र जा॒ प तेः	00000049.png	243	1929	1901	2115
line_crops/page013_line001.png	262534020	13	1	Sanskrit Text	ना॒ त्पृ थि वी॒ बि भ यां॒ च का र म ह द्वा॒ ऽ अ य॒ म	00000048.png	341	146	1804	308
line_crops/page013_line002.png	262534020	13	2	Sanskrit Text	भू॒ द्यो भ्य॒ षे चि य द्वै॒ मा यं ना व दृ णी या दि॒ ति	00000048.png	330	300	1821	427
line_crops/page013_line003.png	262534020	13	3	Sanskrit Text	बृ॒ ह स्प॒ ति र्ह पृ थि व्यै बि भ यां॒ च का र य द्वै॒	00000048.png	320	412	1807	540
line_crops/page013_line004.png	262534020	13	4	Sanskrit Text	मे यं ना॒ व धू न्वी ते॒ ति त॒ द न॒ यै॒ वै त॒ न्मि त्र	00000048.png	330	522	1780	666
line_crops/page013_line005.png	262534020	13	5	Sanskrit Text	धे॒ य म कु रु त न हि॒ मा ता॒ पु त्र॒ ᳰ हि न॒ स्ति न॒	00000048.png	317	651	1787	793
line_crops/page013_line006.png	262534020	13	6	Sanskrit Text	पु त्रो॒ मा त॒ र म्।१८। बृ ह स्प ति स वो वा॒ ऽ ए ष	00000048.png	310	788	1749	926
line_crops/page013_line007.png	262534020	13	7	Sanskrit Text	य॒ द्वा ज पे॒ यं। पृ थि॒ व्यु॒ है त॒ स्मा द्बि भे ति म	00000048.png	279	1290	1712	1425
line_crops/page013_line008.png	262534020	13	8	Sanskrit Text	ह द्वा॒ ऽ अ य॒ म भू॒ द्यो भ्य॒ षे चि य द्वै॒ मा यं ना	00000048.png	271	1427	1745	1541
line_crops/page013_line009.png	262534020	13	9	Sanskrit Text	व दृ णी या दि॒ त्ये ष॒ ऽ उ हा स्यै॒ बि भे ति य द्वै॒	00000048.png	288	1565	1761	1703
line_crops/page013_line010.png	262534020	13	10	Sanskrit Text	मे यं॒ ना व धू न्वी ते॒ ति त॒ द न॒ यै॒ वै त॒ न्मि त्र	00000048.png	295	1664	1721	1815
line_crops/page013_line011.png	262534020	13	11	Sanskrit Text	धे॒ यं कु रु ते न हि॒ मा ता॒ पु त्र॒ ᳰ हि न॒ स्ति न॒	00000048.png	261	1802	1728	1933
line_crops/page013_line012.png	262534020	13	12	Sanskrit Text	पु त्रो॒ मा त॒ रं।१९। अ॒ थ हि॒ र ण्य म भ्य॒ व रो ह	00000048.png	236	1931	1750	2086
line_crops/page014_line001.png	262534021	14	1	Sanskrit Text	व्वा ज पे॒ ये न य॒ ज ते न्न पे॒ य ᳰ ह वै ना॒ मै त द्य॒ द्वा ज	00000047.png	269	95	1841	249
line_crops/page014_line002.png	262534021	14	2	Sanskrit Text	पे॒ यं त द्य॒ दे॒ वै त द॒ न्न मु द॒ जै षी त्ते॒ नै॒ वै त॒ दे तां	00000047.png	252	238	1814	376
line_crops/page014_line003.png	262534021	14	3	Sanskrit Text	ग॒ तिं ग त्वा स॒ ᳬ स्पृ श ते त॒ दा त्म॒ न्कु रु ते त॒ स्मा दे	00000047.png	248	375	1824	513
line_crops/page014_line004.png	262534021	14	4	Sanskrit Text	न मू ष पु टै॒ र नू॒ द स्यं ति।१६। आ॒ श्व त्थे षु प ला शे	00000047.png	235	501	1845	639
line_crops/page014_line005.png	262534021	14	5	Sanskrit Text	षू॒ प न द्धा भ वं ति। स य॒ दे॒ वा॒ दो श्व त्थे ति॒ ष्ठ त ऽ इ॒	00000047.png	238	621	1835	762
line_crops/page014_line006.png	262534021	14	6	Sanskrit Text	न्द्रो म रु॒ त ऽ उ पा॒ म न्त्र य त त॒ स्मा दा॒ श्व त्थे षु प ला शे	00000047.png	231	737	1848	871
line_crops/page014_line007.png	262534021	14	7	Sanskrit Text	षू॒ प न द्धा भ वं ति व्वि॒ शो नू॒ द स्यं ति व्वि॒ शो वै॒ म रु	00000047.png	296	1256	1807	1408
line_crops/page014_line008.png	262534021	14	8	Sanskrit Text	तो॒ न्नं वै॒ व्वि॒ श स्त॒ स्मा द्वि॒ शो नू॒ द स्यं ति स प्त॒ द	00000047.png	296	1376	1777	1527
line_crops/page014_line009.png	262534021	14	9	Sanskrit Text	श भ वं ति स प्त द शो वै॒ प्र जा॒ प ति स्त॒ त्प्र जा॒	00000047.png	320	1512	1773	1643
line_crops/page014_line010.png	262534021	14	10	Sanskrit Text	प ति मु॒ ज्ज य ति॒।१७। अ॒ थे मा॒ मु पा वे॒ क्ष मा	00000047.png	305	1650	1768	1788
line_crops/page014_line011.png	262534021	14	11	Sanskrit Text	णो ज प ति। न॒ मो मा त्रे॒ पृ थि व्यै न॒ मो मा॒ त्रे पृ	00000047.png	332	1767	1802	1915
line_crops/page014_line012.png	262534021	14	12	Sanskrit Text	थि व्या ऽ इ॒ ति बृ॒ ह स्प॒ ते र्ह वा॒ ऽ अ भि षि षि चा	00000047.png	302	1882	1759	2054
line_crops/page017_line001.png	262534024	17	1	Sanskrit Text	द शो वै॒ प्र जा॒ प ति स्त॒ त्प्र जा॒ प ति मु॒ ज्ज य ति॒।७। अ॒ थ	00000044.png	264	132	1824	273
line_crops/page017_line002.png	262534024	17	2	Sanskrit Text	ने॒ ष्टा प॒ त्नी मु दा ने ष्य॒न् कौ शं वा॒ सः प॒ रि धा प य ति	00000044.png	277	263	1790	390
line_crops/page017_line003.png	262534024	17	3	Sanskrit Text	कौ शं॒ वा चं॒ डा त क म॒ न्त रं दी क्षि त व॒ स ना ज्ज घ ना	00000044.png	288	373	1780	507
line_crops/page017_line004.png	262534024	17	4	Sanskrit Text	र्द्धो वा॒ ऽ ए ष॒ य ज्ञ॒ स्य य त्प॒ त्नी ता॒ मे त त्प्रा॒ चीं य ज्ञं॒ प्र सा	00000044.png	291	503	1837	634
line_crops/page017_line005.png	262534024	17	5	Sanskrit Text	द यि ष्य॒ न्भ व त्य॒ स्ति वै प॒ त्न्या ऽ अ मे ध्यं य॒ द वा ची॒ नं	00000044.png	281	619	1803	778
line_crops/page017_line006.png	262534024	17	6	Sanskrit Text	ना॒ भे र्मे॒ ध्या वै॒ द र्भा स्त द्य॒ दे॒ वा स्या ऽ अ मे ध्यं त॒ दे॒ वा	00000044.png	286	757	1836	922
line_crops/page017_line007.png	262534024	17	7	Sanskrit Text	स्या ऽ ए त॒ द्द र्भै र्मे॒ ध्यं कृ त्वा॒ थै नां प्रा॒ चीं य ज्ञं प्र॒ सा द	00000044.png	272	1234	1781	1395
line_crops/page017_line008.png	262534024	17	8	Sanskrit Text	य ति त॒ स्मा न्ने॒ ष्टा प॒ त्नी मु दा ने ष्यं॒ न्कौ शं वा॒ सः प॒ रि धा	00000044.png	251	1391	1829	1522
line_crops/page017_line009.png	262534024	17	9	Sanskrit Text	प य ति कौ शं॒ वा च॒ ण्डा त क म॒ न्त रं दी क्षि त व॒ स ना त्।	00000044.png	257	1528	1790	1662
line_crops/page017_line010.png	262534024	17	10	Sanskrit Text	८। अ॒ थ नि श्र य णीं नि॒ श्र य ति। स॒ द क्षि ण त ऽ उ॒ द	00000044.png	250	1658	1752	1792
line_crops/page017_line011.png	262534024	17	11	Sanskrit Text	ङ्रो हे दु त्त र तो॒ वा द क्षि णा॒ द क्षि ण त॒ स्त्वे वो॒	00000044.png	219	1786	1762	1930
line_crops/page017_line012.png	262534024	17	12	Sanskrit Text	द ङ्रो हे त्त॒ था ह्यु॒ द ग्भ॒ व ति।९। स॒ रो क्ष्य॒ न्जा या मा॒ मं	00000044.png	273	1906	1748	2081
line_crops/page019_line001.png	262534026	19	1	Sanskrit Text	ᳰ शि ना॒ य स्वा॒ हा वि न ᳰ शि॒ न आ न्त्या य ना॒ य स्वा	00000042.png	282	136	1887	269
line_crops/page019_line002.png	262534026	19	2	Sanskrit Text	हां॒ त्या य भौ व ना॒ य स्वा॒ हा भु॒ व न स्य प॒ त ये स्वा	00000042.png	269	260	1886	390
line_crops/page019_line003.png	262534026	19	3	Sanskrit Text	हा॒ धि प त ये स्वा हे॒ त्ये ता द्वा॒ द शा प्ती र्जु हो ति द्वा॒	00000042.png	277	394	1851	541
line_crops/page019_line004.png	262534026	19	4	Sanskrit Text	द श वै मा॒ साः सं व त्स र॒ स्य सं व्व त्स रः॒ प्र जा॒ प तिः	00000042.png	264	527	1811	648
line_crops/page019_line005.png	262534026	19	5	Sanskrit Text	प्र जा॒ प ति र्य ज्ञ स्त द्यै॒ वा स्या प्ति र्या॒ सं प त्ता॒ मे॒ वै त	00000042.png	261	650	1871	792
line_crops/page019_line006.png	262534026	19	6	Sanskrit Text	दु॒ ज्ज य ति ता॒ मा त्म॒ न्कु रु ते।२। अ॒ थ ष ट्कॢ प्तीः॥	00000042.png	258	767	1811	926
line_crops/page019_line007.png	262534026	19	7	Sanskrit Text	जु हो॒ ति वा व्वा च॒ य ति वा य॒ दि जु हो॒ ति य॒ दि व्वा	00000042.png	286	1243	1812	1399
line_crops/page019_line008.png	262534026	19	8	Sanskrit Text	च॒ य ति स मा न॒ ए व बं॒ धुः।३। स॒ व्वा च य ति आ॒	00000042.png	291	1387	1828	1529
line_crops/page019_line009.png	262534026	19	9	Sanskrit Text	यु र्य ज्ञे॒ न क ल्प तां प्रा णो॑ य ज्ञे॒ न क ल्प तां च॒ क्षु	00000042.png	294	1521	1828	1673
line_crops/page019_line010.png	262534026	19	10	Sanskrit Text	र्य ज्ञे॒ न क ल्प ता ᳬ श्रो॑ त्रं य ज्ञे॒ न क ल्प तां पृ ष्ठं॒ य	00000042.png	301	1658	1830	1791
line_crops/page019_line011.png	262534026	19	11	Sanskrit Text	ज्ञे॒ न क ल्प तां य ज्ञो॒ य ज्ञे॒ न क ल्प ता मि॒ त्ये ताः	00000042.png	295	1809	1851	1953
line_crops/page019_line012.png	262534026	19	12	Sanskrit Text	ष ट्कॢ प्ती र्व्वा च य ति ष ड्वा॒ ऽ ऋ त॒ वः सं व त्स र॒ स्य सं	00000042.png	292	1950	1820	2114
line_crops/page020_line001.png	262534027	20	1	Sanskrit Text	स त्य॒ मे॒ वै त छ्रि॒ यं ज्यो॒ ति र्य॒ ज मा ने द धा त्य॒ नृ ते न	00000041.png	280	115	1898	267
line_crops/page020_line002.png	262534027	20	2	Sanskrit Text	पा प्म॒ ना त॒ म सा वै॒ श्यं व्वि ध्य ति तैः स यं भो॒ गं का	00000041.png	294	256	1861	379
line_crops/page020_line003.png	262534027	20	3	Sanskrit Text	म॒ य ते तं॒ कु रु ते॒ थै त ᳰ स॒ हि र ण्य पा त्र मे व॒ म धु ग्र	00000041.png	284	376	1837	514
line_crops/page020_line004.png	262534027	20	4	Sanskrit Text	हं॒ ब्र ह्म॒ णे द दा ति तं॒ ब्र ह्म॒ णे द॒ द द मृ॒ त मा॒ यु रा त्म॒	00000041.png	282	504	1824	641
line_crops/page020_line005.png	262534027	20	5	Sanskrit Text	न्ध त्ते मृ॒ तᳬ ह्या॒ यु र्हि॒ र ण्यं ते॒ न स यं भो॒ गं का म॒ य ते	00000041.png	257	631	1916	771
line_crops/page020_line006.png	262534027	20	6	Sanskrit Text	तं॒ कु रु ते।२८॥ ब्रा ह्म णं ॥५॥ प्र थ मो ध्या यः॥ अ॒ थ	00000041.png	263	758	1848	886
line_crops/page020_line007.png	262534027	20	7	Sanskrit Text	स्रु वं॒ चा ज्य वि ला॒ प नीं चा दा॒ य॥ आ ह व नी॒ य	00000041.png	259	1235	1773	1361
line_crops/page020_line008.png	262534027	20	8	Sanskrit Text	म भ्यै॒ ति स॒ ऽ ए ता द्वा॒ द शा॒ प्ती र्जु हो॒ ति वा व्वा च॒ य	00000041.png	278	1353	1833	1495
line_crops/page020_line009.png	262534027	20	9	Sanskrit Text	ति वा य॒ दि जु हो॒ ति य॒ दि व्वा च॒ य ति स मा न॒ ऽ ए	00000041.png	263	1504	1776	1646
line_crops/page020_line010.png	262534027	20	10	Sanskrit Text	व ब॒ न्धुः।१। स॒ जु हो ति। आ प॒ ये स्वा॒ हा स्वा प॒ ये स्वा॒	00000041.png	280	1637	1823	1786
line_crops/page020_line011.png	262534027	20	11	Sanskrit Text	हा पि जा॒ य स्वा॒ हा क्र॒ त वे स्वा॒ हा व्व॒ स वे स्वा॒ हा	00000041.png	270	1777	1811	1913
line_crops/page020_line012.png	262534027	20	12	Sanskrit Text	ह र्प्प त ये स्वा हा॒ ह्ने मु ग्धा॒ य स्वा॒ हा मु ग्धा॒ य वै न	00000041.png	265	1912	1800	2067
line_crops/page021_line001.png	262534028	21	1	Sanskrit Text	व जि घ्र ते॒ ति नि मृ जा ना ऽ इ॒ ति त द्य॒ ज मा ने व्वी र्यं॒ द धा	00000040.png	302	118	1884	273
line_crops/page021_line002.png	262534028	21	2	Sanskrit Text	ति त द्य द॒ श्वा न व घ्रा प॒ य ती म मु॒ ज्ज या नी॒ ति वा ऽ	00000040.png	309	248	1874	388
line_crops/page021_line003.png	262534028	21	3	Sanskrit Text	अ ग्रे॒ व घ्रा प य त्य था॒ त्रे म मु॒ द जै ष मि॒ ति त॒ स्मा द्वा ऽ	00000040.png	288	394	1887	525
line_crops/page021_line004.png	262534028	21	4	Sanskrit Text	अ॒ श्वा न॒ व घ्रा प य ति। २७। अ॒ थै ते॒ षा मा जि सृ ता ᳰ	00000040.png	323	517	1843	651
line_crops/page021_line005.png	262534028	21	5	Sanskrit Text	र॒ था ना म्। ए॒ क स्मि न्वै॒ श्यो वा रा ज॒ न्यो वो पा॒ स्थि तो	00000040.png	278	650	1826	794
line_crops/page021_line006.png	262534028	21	6	Sanskrit Text	भ व ति स व्वे॒ दे रु॒ त्त रा याᳬ श्रो॒ णा ऽ उ॒ प वि श त्य॒ था	00000040.png	299	793	1853	927
line_crops/page021_line007.png	262534028	21	7	Sanskrit Text	ध्व र्यु॒ श्च य॒ ज मा न श्च पू॒ र्व्व या द्वा रा॒ म धु ग्र ह॒ मा दा॒ य	00000040.png	233	1237	1829	1388
line_crops/page021_line008.png	262534028	21	8	Sanskrit Text	नि॒ ष्क्रा म त स्तं वै॒ श्य स्य वा रा ज॒ न्य स्य वा पा णा वा॒ ध	00000040.png	240	1396	1845	1510
line_crops/page021_line009.png	262534028	21	9	Sanskrit Text	त्तो॒ थ ने ष्टा॒ प र या द्वा रा॒ सु रा ग्र हा॒ ना दा॒ य नि॒ ष्क्रा म ति	00000040.png	277	1499	1811	1639
line_crops/page021_line010.png	262534028	21	10	Sanskrit Text	स॒ ज घ॒ ने न शा॒ लां प र्ये त्यै॒ कं व्वै॒ श्य स्य वा रा ज॒ न्य	00000040.png	289	1644	1820	1775
line_crops/page021_line011.png	262534028	21	11	Sanskrit Text	स्य वा पा णा॒ वा द॒ ध दा हा ने॒ न त ऽ इ मं नि॒ ष्क्री णा मी॒	00000040.png	300	1760	1831	1901
line_crops/page021_line012.png	262534028	21	12	Sanskrit Text	ति स त्यं वै श्री र्ज्यो॒ तिः सो मो॒ नृ तं पा प्मा त॒ मः सु॒ रा	00000040.png	300	1894	1828	2038
line_crops/page022_line001.png	262534029	22	1	Sanskrit Text	ज ऽ आ मां॒ न स्य प्र स वो॒ ज ग म्या दि॒ त्ये॒ वै त॒ दा॒ हे मे द्या॒	00000039.png	288	143	1842	288
line_crops/page022_line002.png	262534029	22	2	Sanskrit Text	वा पृ थि वी॒ व्वि श्व॒ रू पे ऽ इ॒ ति द्या॒ वा पृ थि वी हि॒ प्र	00000039.png	290	287	1810	427
line_crops/page022_line003.png	262534029	22	3	Sanskrit Text	जा॒ प ति रा॒ मा गं तां पि त॒ रा मा त॒ रा चे॒ ति मा ते॒ व च हि॒	00000039.png	296	415	1827	556
line_crops/page022_line004.png	262534029	22	4	Sanskrit Text	पि॒ ते व च प्र जा॒ प ति रा॒ मा सो॒ मो अ मृ त त्वे॒ न ग म्या	00000039.png	290	551	1804	671
line_crops/page022_line005.png	262534029	22	5	Sanskrit Text	दि॒ ति सो॒ मो हि॒ प्र जा॒ प तिः ।२६। त म॒ श्वा न॒ व घ्रा प य	00000039.png	294	654	1818	791
line_crops/page022_line006.png	262534029	22	6	Sanskrit Text	ति व्वा॒ जि न ऽ इ॒ ति व्वा जि॒ नो ह्य॒ श्वा स्त॒ स्मा दा ह व्वा॒ जि न	00000039.png	297	795	1876	932
line_crops/page022_line007.png	262534029	22	7	Sanskrit Text	इ॒ ति व्वा ज जि त ऽ इ त्यं॒ नं व्वै व्वा॒ जों न जि त ऽ इ॒ त्ये वै त॒ दा	00000039.png	215	1245	1825	1390
line_crops/page022_line008.png	262534029	22	8	Sanskrit Text	ह व्वा॒ ज ᳰ स सृ वा॒ ᳰ स ऽ इ॒ ति स रि ष्यं॒ त ऽ इ॒ ति वा ऽ अ॒ ग्र	00000039.png	226	1373	1835	1510
line_crops/page022_line009.png	262534029	22	9	Sanskrit Text	आ ह स रि ष्यं॒ त ऽ इ व हि त॒ र्हि भ॒ वं त्य था॒ त्र स सृ वा॒ ᳰ	00000039.png	257	1503	1829	1638
line_crops/page022_line010.png	262534029	22	10	Sanskrit Text	स ऽ इ॒ ति स सृ वा॒ ᳰ स ऽ इ व ह्य॒ त्र भ॒ वं ति त॒ स्मा दा ह स	00000039.png	233	1618	1822	1769
line_crops/page022_line011.png	262534029	22	11	Sanskrit Text	सृ वा॒ ᳰ स ऽ इ॒ ति बृ॒ ह स्प॒ ते र्भा ग म॒ व जि घ्र ते॒ ति बृ ह	00000039.png	229	1769	1811	1906
line_crops/page022_line012.png	262534029	22	12	Sanskrit Text	स्प॒ ते॒ र्ह्ये ष॒ भा गो भ॒ व ति त॒ स्मा दा ह बृ॒ ह स्प॒ ते र्भा ग म॒	00000039.png	237	1878	1853	2036
line_crops/page023_line001.png	262534030	23	1	Sanskrit Text	र॒ क्षा ᳰ सि स॒ ने म्य स्म॒ द्यु य वं न॒ मी वाः।२२। ते॒ नो ऽ	00000038.png	274	112	1801	256
line_crops/page023_line002.png	262534030	23	2	Sanskrit Text	अ॒ र्व्वं तः। ह व न श्रु॒ तो ह॒ वं व्वि॒ श्वे शृ ण्वं तु व्वा जि॒ नो	00000038.png	261	237	1819	375
line_crops/page023_line003.png	262534030	23	3	Sanskrit Text	मि त॒ द्र वः। स ह स्र सा॒ मे ध॒ सा ता स नि ष्य॒ वो म	00000038.png	254	367	1833	491
line_crops/page023_line004.png	262534030	23	4	Sanskrit Text	हो ये ध॒ न ᳰ स मि थे॒ षु ज भ्रि रे।२३। व्वा॒ जे वा जे व	00000038.png	251	486	1829	634
line_crops/page023_line005.png	262534030	23	5	Sanskrit Text	त व्वा जि नो नो ध॒ ने षु व्वि प्रा ऽ अ मृ ता ऽ ऋ त ज्ञाः॥ अ	00000038.png	251	616	1840	756
line_crops/page023_line006.png	262534030	23	6	Sanskrit Text	स्य म॒ ध्वः पि ब त मा द॒ य ध्वं तृ प्ता॒ या त प थि॒ भि र्दे व या॒	00000038.png	258	762	1850	910
line_crops/page023_line007.png	262534030	23	7	Sanskrit Text	नै रि॒ ति।२४। अ॒ थ बा र्ह स्प त्ये॒ न च रु॒ णा प्र त्यु॒ प ति	00000038.png	241	1222	1836	1370
line_crops/page023_line008.png	262534030	23	8	Sanskrit Text	ष्ठ ते त मु॒ प स्पृ श त्यं॒ नं वा॒ ऽ ए ष उ॒ ज्ज य ति यो॒ व्वा	00000038.png	237	1365	1809	1499
line_crops/page023_line009.png	262534030	23	9	Sanskrit Text	ज पे॒ ये न य॒ ज तें न पे॒ य ᳰ ह वै ना॒ मै त द्य॒ द्वा ज पे॒	00000038.png	251	1481	1836	1632
line_crops/page023_line010.png	262534030	23	10	Sanskrit Text	यं त द्य॒ दे॒ वै त दं॒ न मु द॒ जै षी त्ते॒ नै॒ वै त॒ दे तां ग॒ तिं	00000038.png	244	1624	1847	1755
line_crops/page023_line011.png	262534030	23	11	Sanskrit Text	ग त्वा स॒ ᳩ स्पृ श ते त॒ दा त्म॒ न्कु रु ते।२५। स ऽ उ॒ प स्पृ	00000038.png	243	1755	1819	1903
line_crops/page023_line012.png	262534030	23	12	Sanskrit Text	श ति आ॒ मा व्वा ज स्य प्र स वो॒ ज ग म्या दि त्यं नं वै व्वा॒	00000038.png	250	1883	1842	2048
line_crops/page024_line001.png	262534031	24	1	Sanskrit Text	द त्प॒ था म॒ ङ्का ᳩ स्य॒ न्वा प॒ नी फ ण त्स्वा॒ हा	00000037.png	254	74	1808	215
line_crops/page024_line002.png	262534031	24	2	Sanskrit Text	।१९। उ त॒ स्म। अ स्य द्र॒ व त स्तु र ण्य तः॒ प र्णं न	00000037.png	258	196	1818	347
line_crops/page024_line003.png	262534031	24	3	Sanskrit Text	वे र॒ नु वा ति प्र ग र्द्धि॒ नः॥ श्ये न॒ स्ये व ध्र॒ ज तो ऽ	00000037.png	267	356	1814	491
line_crops/page024_line004.png	262534031	24	4	Sanskrit Text	अं क सं प॒ रि द धि क्रा॒ व्णः स॒ हो र्जा त॒ रि त्र तः	00000037.png	276	492	1793	633
line_crops/page024_line005.png	262534031	24	5	Sanskrit Text	स्वा हे॒ ति।२०। अ थो॒ त्त रे ण त्रि चे॒ न। जु हो॒ ति वा॒	00000037.png	276	613	1847	768
line_crops/page024_line006.png	262534031	24	6	Sanskrit Text	नु वा म न्त्र॑ य ते द्व यं त द्य॒ स्मा ज्जु हो॒ ति वा॒ नु वा मं	00000037.png	280	739	1840	899
line_crops/page024_line007.png	262534031	24	7	Sanskrit Text	त्र॒ य ते य॒ दि जु हो॒ ति य द्य नु मं त्र॒ य ते स मा न॒ ऽ ए व	00000037.png	183	1225	1829	1379
line_crops/page024_line008.png	262534031	24	8	Sanskrit Text	बं॒ धु रे ता॒ ने॒ वै त द॒ श्वां धा॒ व त उ॒ प वा ज य त्ये	00000037.png	193	1371	1846	1505
line_crops/page024_line009.png	262534031	24	9	Sanskrit Text	ते॒ षु व्वी र्यं द धा ति ति स्रो वा॒ ऽ इ माः॒ पृ थि॒ व्य॒ ऽ इ	00000037.png	200	1497	1846	1628
line_crops/page024_line010.png	262534031	24	10	Sanskrit Text	य म है का द्वे॒ ऽ अ स्याः प॒ रे ता॒ ए॒ वै त दु॒ ज्ज य ति।	00000037.png	200	1623	1812	1740
line_crops/page024_line011.png	262534031	24	11	Sanskrit Text	२१। सो॒ नु मं त्र य ते । शं॒ नो भ वं तु व्वा जि॒ नो ह॒ वे षु दे	00000037.png	193	1722	1856	1880
line_crops/page024_line012.png	262534031	24	12	Sanskrit Text	व॒ ता ता मि त॒ द्र वः स्व र्क्काः॥ जं भ॒ यं तो॒ ऽ हिं वृ॒ क ᳰ	00000037.png	203	1855	1812	1992
line_crops/page025_line001.png	262534032	25	1	Sanskrit Text	इ त्य॒ न्नं वै व्वा॒ जो ऽ न्न जि त इ॒ त्ये॒ वै त॒ दा हा॒ ध्व न	00000036.png	257	121	1829	286
line_crops/page025_line002.png	262534032	25	2	Sanskrit Text	स्क भ्नु व॒ न्त ऽ इ त्य॒ ध्व नो हि॒ स्क भ्नु व॒ न्तो धा॒ वं	00000036.png	251	268	1836	412
line_crops/page025_line003.png	262534032	25	3	Sanskrit Text	ति यो॒ ज ना मि॒ मा ना ऽ इ॒ ति यो ज न शो हि	00000036.png	257	373	1806	527
line_crops/page025_line004.png	262534032	25	4	Sanskrit Text	मि॒ मा ना ऽ अ॒ ध्वा नं धा॒ वं ति का॒ ष्ठां ग छ ते॒	00000036.png	264	516	1782	670
line_crops/page025_line005.png	262534032	25	5	Sanskrit Text	ति य॒ थै ना न न्त रा॒ ना ष्ट्रा र॒ क्षा ᳰ सि न॒ हि ᳬ	00000036.png	264	655	1823	792
line_crops/page025_line006.png	262534032	25	6	Sanskrit Text	स्यु॒ रे व॒ मे त॒ दा ह धा॒ व न्त्या जि मा॒ घ्न न्ति दु न्दु	00000036.png	257	795	1802	949
line_crops/page025_line007.png	262534032	25	7	Sanskrit Text	भी॒ न भि सा॒ म गा य ति।१७। अ थै ता॒ भ्यां	00000036.png	268	1223	1755	1357
line_crops/page025_line008.png	262534032	25	8	Sanskrit Text	ज॒ ग ती भ्यां जु हो॒ ति वा॒ नु वा म न्त्र॒ य ते य॒	00000036.png	270	1370	1791	1517
line_crops/page025_line009.png	262534032	25	9	Sanskrit Text	दि जु हो॒ ति य॒ द्य नु म न्त्र॒ य ते स मा न॒ ऽ ए व	00000036.png	268	1492	1802	1629
line_crops/page025_line010.png	262534032	25	10	Sanskrit Text	ब॒ न्धुः।१८। स॒ जु हो ति ए ष स्य॒ व्वा जी॒ क्षि प	00000036.png	257	1624	1758	1768
line_crops/page025_line011.png	262534032	25	11	Sanskrit Text	णिं॒ तु र ण्य ति ग्री वा॒ या म्ब द्धो॒ ऽ अ पि क क्ष॒ ऽ	00000036.png	253	1765	1764	1895
line_crops/page025_line012.png	262534032	25	12	Sanskrit Text	आ स॒ नि॥ क्र॒ तुं द धि क्रा ऽ अ॒ नु सᳰ स॒ नि ष्य	00000036.png	254	1886	1843	2030
line_crops/page026_line001.png	262534033	26	1	Sanskrit Text	ता॒ र म्प्र स वा॒ यो पा॒ धा व त्स वि ता वै॒ दे वा॒ नां	00000035.png	263	143	1880	284
line_crops/page026_line002.png	262534033	26	2	Sanskrit Text	प्र स वि॒ ते द॒ म्मे प्र॒ सु व त्व॒ त्प्र सू त ऽ इ द मु॒ ज्ज	00000035.png	303	282	1858	437
line_crops/page026_line003.png	262534033	26	3	Sanskrit Text	या नी॒ ति त॒ द स्मै स वि ता॒ प्र स वि ता प्रा॒	00000035.png	287	410	1808	557
line_crops/page026_line004.png	262534033	26	4	Sanskrit Text	सु व त्त॒ त्स वि तृ॒ प्र सू त ऽ उ द॒ ज य दे व॒ मे॒ वै	00000035.png	303	573	1800	706
line_crops/page026_line005.png	262534033	26	5	Sanskrit Text	ष॒ ऽ ए त॒ त्स वि ता॒ र मे व॒ प्र स वा यो॒ प धा व	00000035.png	306	687	1810	821
line_crops/page026_line006.png	262534033	26	6	Sanskrit Text	ति स वि ता वै॒ दे वा॒ ना म्प्र स वि ते॒ द॒ म्मे प्र॒ सु	00000035.png	331	796	1831	936
line_crops/page026_line007.png	262534033	26	7	Sanskrit Text	व त्व॒ त्प्र सू त ऽ इ द मु ज्ज या नी॒ ति त॒ द स्मै स	00000035.png	257	1233	1823	1377
line_crops/page026_line008.png	262534033	26	8	Sanskrit Text	वि ता॒ प्र स वि ता प्र॒ सौ ति त॒ त्स वि तृ॒ प्र सू त ऽ	00000035.png	247	1373	1826	1503
line_crops/page026_line009.png	262534033	26	9	Sanskrit Text	उ॒ ज्ज य ति॒।१६। अ॒ थ य॒ द्य ध्व र्योः॒। अ न्ते वा	00000035.png	247	1495	1772	1629
line_crops/page026_line010.png	262534033	26	10	Sanskrit Text	सी॒ वा ब्र ह्म चा री॒ वै त द्य॒ जु र धी या॒ त्सो न्वा	00000035.png	244	1624	1816	1778
line_crops/page026_line011.png	262534033	26	11	Sanskrit Text	स्था॒ य व्वा च य ति व्वा॒ जि न ऽ इ॒ ति व्वा जि॒ नो	00000035.png	247	1760	1768	1904
line_crops/page026_line012.png	262534033	26	12	Sanskrit Text	ह्य॒ श्वा स्त॒ स्मा दा ह व्वा॒ जि न ऽ इ॒ ति व्वा ज जि त ऽ	00000035.png	253	1914	1812	2058
line_crops/page027_line001.png	262534034	27	1	Sanskrit Text	कः प्र व्या ध स्ता॒ वां स्ति र्य॒ ङ्प्र जा॒ प ति र॒ थ या॒	00000034.png	277	84	1876	256
line_crops/page027_line002.png	262534034	27	2	Sanskrit Text	व त्स प्त॒ द श प्र व्या धा स्ता॒ वा न न्व॒ ङ्प्र जा॒ प	00000034.png	278	230	1806	371
line_crops/page027_line003.png	262534034	27	3	Sanskrit Text	तिः।१३। त द्य॒ द्रा ज न्यः॒ प्र वि॒ ध्य ति। ए ष वै॒ प्र	00000034.png	280	364	1836	512
line_crops/page027_line004.png	262534034	27	4	Sanskrit Text	जा॒ प तेः प्र त्य क्ष त मां य॒ द्रा ज न्य स्त॒ स्मा दे॒ कः	00000034.png	286	511	1848	655
line_crops/page027_line005.png	262534034	27	5	Sanskrit Text	स॒ न्ब हू ना॒ मी ष्टे य॒ द्वे व च॒ तु र क्ष रः प्र जा॒ प	00000034.png	264	621	1840	775
line_crops/page027_line006.png	262534034	27	6	Sanskrit Text	ति श्च॒ तु र क्ष रो रा ज॒ न्य स्त॒ स्मा द्रा ज॒ न्यः प्र॒	00000034.png	278	771	1802	898
line_crops/page027_line007.png	262534034	27	7	Sanskrit Text	वि ध्य ति स प्त॒ द श प्र व्या धा न्प्र॒ वि ध्य ति स	00000034.png	257	1213	1829	1370
line_crops/page027_line008.png	262534034	27	8	Sanskrit Text	प्त द शो वै॒ प्र जा॒ प ति स्त॒ त्प्र जा॒ प ति मु॒ ज्ज य	00000034.png	261	1359	1853	1500
line_crops/page027_line009.png	262534034	27	9	Sanskrit Text	ति।१४। अ॒ थ यं य॒ जु षा यु न॒ क्ति तं य॒ ज मा	00000034.png	257	1509	1867	1636
line_crops/page027_line010.png	262534034	27	10	Sanskrit Text	न ऽ आ॒ ति ष्ठ ति दे व॒ स्या ह॒ ᳰ स वि तुः॒ स वे॒ स	00000034.png	268	1638	1843	1768
line_crops/page027_line011.png	262534034	27	11	Sanskrit Text	त्य॒ प्र स व सो बृ॒ ह स्प॒ ते र्व्वा ज जि॒ तो व्वा॒ जं जे	00000034.png	257	1757	1823	1914
line_crops/page027_line012.png	262534034	27	12	Sanskrit Text	ष मि॒ ति।१५। त द्य॒ थै॒ वा दो बृ॒ ह स्प॒ तिः। स वि	00000034.png	257	1872	1870	2033
line_crops/page028_line001.png	262534035	28	1	Sanskrit Text	भी ना मे॒ कं य॒ जु षो पा॒ व ह र ति त त्स॒ र्व्वे य॒ जु	00000033.png	274	115	1806	272
line_crops/page028_line002.png	262534035	28	2	Sanskrit Text	षो पा॒ व ह ता भ वं ति।१०। स॒ ऽ उ पा॒ व ह र ति	00000033.png	271	251	1829	395
line_crops/page028_line003.png	262534035	28	3	Sanskrit Text	ए षा॒ वः सा॒ स त्या॒ सं व्वा॒ ग भू द्य॒ या बृ॒ ह स्प॒	00000033.png	277	384	1781	535
line_crops/page028_line004.png	262534035	28	4	Sanskrit Text	तिं व्वा॒ ज म॒ जी ज प ता॒ जी ज प त बृ॒ ह स्प॒ तिं	00000033.png	270	513	1774	660
line_crops/page028_line005.png	262534035	28	5	Sanskrit Text	व्वा॒ जं व्व॒ न स्प त यो व्वि॒ मु च्य ध्व मि॒ ति य॒ दि	00000033.png	289	655	1777	819
line_crops/page028_line006.png	262534035	28	6	Sanskrit Text	ब्रा ह्म णो य॒ ज ते ब्र॒ ह्म हि बृ॒ ह स्प॒ ति र्ब्र॒ ह्म हि॒	00000033.png	303	812	1811	960
line_crops/page028_line007.png	262534035	28	7	Sanskrit Text	ब्रा ह्म णः॒।११। अ॒ थ य॒ दि रा ज॒ न्यो य॒ ज ते। ए	00000033.png	288	1189	1853	1350
line_crops/page028_line008.png	262534035	28	8	Sanskrit Text	षा॒ वः सा॒ स त्या॒ सं व्वा॒ ग भू द्य ये॒ न्द्रं व्वा॒ ज म॒	00000033.png	281	1345	1850	1476
line_crops/page028_line009.png	262534035	28	9	Sanskrit Text	जी ज प ता॒ जी ज प ते॒ न्द्रं व्वा॒ जं व्व॒ न स्प त यो	00000033.png	295	1461	1857	1622
line_crops/page028_line010.png	262534035	28	10	Sanskrit Text	व्वि॒ मु च्य ध्व मि॒ ति क्ष त्र ᳰ ही॒ न्द्रः क्ष त्र॒ ᳰ रा ज	00000033.png	286	1633	1858	1789
line_crops/page028_line011.png	262534035	28	11	Sanskrit Text	न्यः॒।१२। अ॒ थ व्वे द्य न्ता॑त्। रा ज न्य॒ ऽ उ॒ दं ङ्क्स	00000033.png	284	1771	1869	1912
line_crops/page028_line012.png	262534035	28	12	Sanskrit Text	प्त॒ द श प्र व्या धा न्प्र॒ वि ध्य ति या॒ वा न्वा ऽ ए॒	00000033.png	302	1904	1841	2068
line_crops/page029_line001.png	262534036	29	1	Sanskrit Text	ग्या॒ स प्त द शा नां॒ दु न्दु भी नां॒ प र मा॒ मे॒ वै त द्वा॒ चं प	00000032.png	225	156	1804	288
line_crops/page029_line002.png	262534036	29	2	Sanskrit Text	र म॒ म्प्र जा॒ प ति मु॒ ज्ज य ति स प्त॒ द श भ वं ति स	00000032.png	241	276	1823	424
line_crops/page029_line003.png	262534036	29	3	Sanskrit Text	प्त द शो वै॒ प्र जा॒ प ति स्त॒ त्प्र जा॒ प ति मु॒ ज्ज	00000032.png	238	390	1797	538
line_crops/page029_line004.png	262534036	29	4	Sanskrit Text	य ति।६। अ॒ थै ते॒ षां दु न्दु भी नां ए॒ कं य॒ जु षा॒	00000032.png	252	513	1780	674
line_crops/page029_line005.png	262534036	29	5	Sanskrit Text	हं ति त त्स॒र्वे य॒ जु षा॒ ह ता भ वं ति।७। स ऽ आ॒	00000032.png	258	655	1786	833
line_crops/page029_line006.png	262534036	29	6	Sanskrit Text	हं ति। बृ॒ ह स्प ते व्वा॒ जं ज य बृ॒ ह स्प॒ त ये व्वा॒ चं	00000032.png	257	826	1809	991
line_crops/page029_line007.png	262534036	29	7	Sanskrit Text	व्व द त बृ॒ ह स्प॒ तिं व्वा॒ जं जा प य ते॒ ति य॒ दि ब्रा	00000032.png	261	1230	1843	1377
line_crops/page029_line008.png	262534036	29	8	Sanskrit Text	ह्म णो य॒ ज ते ब्र॒ ह्म हि बृ॒ ह स्प॒ ति र्ब्र॒ ह्म हि॒ ब्रा	00000032.png	261	1352	1829	1513
line_crops/page029_line009.png	262534036	29	9	Sanskrit Text	ह्म णः॒।८। अ॒ थ य॒ दि रा ज॒ न्यो य॒ ज ते। इ॒ न्द्र व्वा॒	00000032.png	283	1525	1882	1669
line_crops/page029_line010.png	262534036	29	10	Sanskrit Text	जं ज ये॒ न्द्रा य व्वा॒ चं व्व द ते॒ न्द्रं व्वा॒ जं जा प य ते॒	00000032.png	259	1647	1875	1798
line_crops/page029_line011.png	262534036	29	11	Sanskrit Text	ति क्ष त्र ᳰ ही॒ न्द्रः क्ष त्र॒ ᳰ रा ज न्यः॒।९। अ॒ थै ते॒	00000032.png	266	1754	1828	1911
line_crops/page029_line012.png	262534036	29	12	Sanskrit Text	ष्वा जि सृ॒ त्सु र॒ थे षु पु॒ न रा॒ सृ ते ष्वे ते॒ षां दु न्दु	00000032.png	272	1908	1848	2082
line_crops/page030_line001.png	262534037	30	1	Sanskrit Text	स व स इ॒ न्द्र स्यो त्त मं ना॒ क ᳰ रु हे य मि॒ ति क्ष	00000031.png	264	107	1835	253
line_crops/page030_line002.png	262534037	30	2	Sanskrit Text	त्र ᳰ ही॒ न्द्रं क्ष त्र॒  ᳰ रा ज॒ न्यः।३। त्रिः सा॒ मा भि॒ गा य ति	00000031.png	253	232	1855	364
line_crops/page030_line003.png	262534037	30	3	Sanskrit Text	त्रि॒ र भि गी या॒ व रो ह ति दे व॒ स्या ह॒ ᳰ स वि तुः॒ स	00000031.png	241	338	1849	488
line_crops/page030_line004.png	262534037	30	4	Sanskrit Text	वे॒ स त्य॒ प्र स व सो बृ॒ ह स्प॒ ते रु त्त मं ना॒ क म रु	00000031.png	251	470	1795	612
line_crops/page030_line005.png	262534037	30	5	Sanskrit Text	ह मि॒ ति य॒ दि ब्रा ह्म णो य॒ ज ते ब्र॒ ह्म हि बृ॒ ह स्प॒	00000031.png	237	601	1855	761
line_crops/page030_line006.png	262534037	30	6	Sanskrit Text	ति र्ब्र॒ ह्म हि॒ ब्रा ह्म णः॒।४। अ॒ थ य॒ दि रा ज॒ न्यो	00000031.png	239	760	1797	913
line_crops/page030_line007.png	262534037	30	7	Sanskrit Text	य॒ ज ते दे व॒ स्या ह॒ ᳰ स वि तुः॒ स वे॒ स त्य॒ प्र स	00000031.png	267	1233	1818	1373
line_crops/page030_line008.png	262534037	30	8	Sanskrit Text	व स ऽ इ॒ न्द्र स्यो त्त मं ना॒ क म रु ह मि॒ ति क्ष त्र ᳰ	00000031.png	267	1365	1842	1514
line_crops/page030_line009.png	262534037	30	9	Sanskrit Text	ही॒ न्द्रः क्ष त्र॒ ᳰ रा ज न्यः॒।५। अ॒ थ स प्त॒ द श दु न्दु	00000031.png	253	1503	1848	1659
line_crops/page030_line010.png	262534037	30	10	Sanskrit Text	भी॒ न नु वे द्य न्त ᳰ स॒ म्मि न्वं ति। प्र ती॒ च ऽ आ॒ ग्नी ध्रा	00000031.png	280	1624	1899	1776
line_crops/page030_line011.png	262534037	30	11	Sanskrit Text	त्प्र जा॒ प तिं वा॒ ऽ ए ष ऽ उ॒ ज्ज य ति यो॒ व्वा ज पे॒ ये	00000031.png	300	1751	1838	1910
line_crops/page030_line012.png	262534037	30	12	Sanskrit Text	न य॒ ज ते व्वा ग्वै॒ प्र जा॒ प ति रे षा वै॒ प र मा व्वा	00000031.png	279	1902	1854	2065
line_crops/page031_line001.png	262534038	31	1	Sanskrit Text	ति त द्य द॒ श्वा न व घ्रा प॒ य ती म मु॒ ज्ज या नी॒ ति	00000030.png	290	253	1780	395
line_crops/page031_line002.png	262534038	31	2	Sanskrit Text	त॒ स्मा द्वा ऽ अ॒ श्वा न॒ व घ्रा प य ति।१५। ब्रा ह्म णं॥	00000030.png	317	339	1795	494
line_crops/page031_line003.png	262534038	31	3	Sanskrit Text	४। त द्य॒ दा जिं धा॒ वं ति इ म॒ मे॒ वै ते॒ न लो क मु॒	00000030.png	301	482	1758	641
line_crops/page031_line004.png	262534038	31	4	Sanskrit Text	ज्ज य त्य॒ थ य॒ द्ब्र ह्मा॒ र थ च क्रे सा॒ म गा॒ य ति ना	00000030.png	305	570	1762	720
line_crops/page031_line005.png	262534038	31	5	Sanskrit Text	भि द घ्न उ॒ द्धि ते न्त रि क्ष लो क॒ मे॒ वै ते नो॒ ज्ज य	00000030.png	308	695	1836	834
line_crops/page031_line006.png	262534038	31	6	Sanskrit Text	त्य॒ थ य द्यू॒ प ᳰ रो॒ ह ति दे व लो क॒ मे॒ वै ते नो॒ ज्ज	00000030.png	322	806	1806	985
line_crops/page031_line007.png	262534038	31	7	Sanskrit Text	य ति त॒ स्मा द्वा॒ ऽ ए त॒ त्त्र यं॒ क्रि य ते।१। स॒ ब्र ह्मा॒ र थ	00000030.png	214	1219	1836	1372
line_crops/page031_line008.png	262534038	31	8	Sanskrit Text	च क्र म॒ धि रो ह ति ना भि द घ्न ऽ उ॒ द्धि तं दे व॒ स्या	00000030.png	227	1347	1772	1500
line_crops/page031_line009.png	262534038	31	9	Sanskrit Text	ह ᳰ स वि तुः॒ स वे॒ स त्य॒ स व सो बृ॒ ह स्प॒ ते रु त्त मं	00000030.png	217	1492	1762	1634
line_crops/page031_line010.png	262534038	31	10	Sanskrit Text	ना॒ क ᳰ रु हे य मि॒ ति य॒ दि ब्रा ह्म णो य॒ ज ते ब्र॒ ह्म	00000030.png	224	1613	1822	1752
line_crops/page031_line011.png	262534038	31	11	Sanskrit Text	हि बृ॒ ह स्प॒ ति र्ब्र॒ ह्म हि॒ ब्रा ह्म णः॒।२। अ॒ थ य॒ दि रा	00000030.png	224	1757	1826	1906
line_crops/page031_line012.png	262534038	31	12	Sanskrit Text	ज॒ न्यो य॒ ज ते। दे व॒ स्या ह॒ ᳰ स वि तुः॒ स वे॒ स त्य॒	00000030.png	238	1865	1769	2034
line_crops/page032_line001.png	262534039	32	1	Sanskrit Text	त॒ त्क रो ति।१२। अ॒ थ य॒ द्बा र्ह स्प त्यो भ॒ व ति। बृ॒ ह स्प॒	00000029.png	241	157	1813	313
line_crops/page032_line002.png	262534039	32	2	Sanskrit Text	ति र्ह्ये॒ त म॒ ग्र ऽ उ द॒ ज य त्त॒ स्मा द्बा र्ह स्प त्यो॒ भ व ति॥	00000029.png	266	281	1821	423
line_crops/page032_line003.png	262534039	32	3	Sanskrit Text	१३॥ अ॒ थ य॒ न्नै वा रो भ॒ व ति। ब्र॒ ह्म वै बृ॒ ह स्प॒ ति	00000029.png	256	416	1807	569
line_crops/page032_line004.png	262534039	32	4	Sanskrit Text	रे ते वै ब्र॒ ह्म णा प च्य न्ते य॒ न्नी वा॒ रा स्त॒ स्मा न्नै वा	00000029.png	271	517	1839	676
line_crops/page032_line005.png	262534039	32	5	Sanskrit Text	रो॒ भ व ति स प्त॒ द श श रा वो भ व ति स प्त द शो वै॒	00000029.png	258	648	1806	807
line_crops/page032_line006.png	262534039	32	6	Sanskrit Text	प्र जा॒ प ति स्त॒ त्प्र जा॒ प ति मु॒ ज्ज य ति।१४। त म॒ श्वा	00000029.png	268	792	1802	942
line_crops/page032_line007.png	262534039	32	7	Sanskrit Text	न॒ व घ्रा प य ति। व्वा॒ जि न ऽ इ॒ ति व्वा जि॒ नो ह्य॒ श्वा स्त॒	00000029.png	244	1233	1836	1385
line_crops/page032_line008.png	262534039	32	8	Sanskrit Text	स्मा दा ह व्वा॒ जि न ऽ इ॒ ति व्वा ज जि त ऽ इ त्ये॒ न्नं वै व्वा॒	00000029.png	268	1384	1866	1516
line_crops/page032_line009.png	262534039	32	9	Sanskrit Text	जो न्न जि त ऽ इ॒ त्ये॒ वै त॒ दा ह व्वा॒ ज ᳰ स रि ष्य॒ न्त	00000029.png	278	1498	1789	1641
line_crops/page032_line010.png	262534039	32	10	Sanskrit Text	ऽ इ॒ त्यो जि ᳰ हि॒ स रि ष्य॒ न्तो भ॒ वं ति बृ॒ ह	00000029.png	288	1629	1829	1758
line_crops/page032_line011.png	262534039	32	11	Sanskrit Text	स्प॒ ते र्भा ग म॒ व जि घ्र ते॒ ति बृ॒ ह स्प॒ ते॒ र्ह्ये ष॒ भा गो	00000029.png	285	1740	1880	1890
line_crops/page032_line012.png	262534039	32	12	Sanskrit Text	भ॒ व ति त॒ स्मा दा ह बृ॒ ह स्प॒ ते र्भा ग म॒ व जि घ्र ते॒	00000029.png	295	1885	1863	2017
line_crops/page033_line001.png	262534040	33	1	Sanskrit Text	त दा ह ।१०। अ र्द्धः प्र पा ठ क॥५९॥ ते वा॒ ऽ ए त॒ ऽ ए	00000028.png	294	121	1861	289
line_crops/page033_line002.png	262534040	33	2	Sanskrit Text	व त्र॒ यो यु क्ता॒ भ वं ति त्रि वृ द्धि॒ दे वा॒ नां त द्धि॒ दे व	00000028.png	308	277	1868	414
line_crops/page033_line003.png	262534040	33	3	Sanskrit Text	त्रा॒ धि प्र ष्टि यु ग ऽ ए व॒ च तु र्थो॒  न्वे ति मा नु षो हि	00000028.png	298	396	1847	540
line_crops/page033_line004.png	262534040	33	4	Sanskrit Text	स तं य॒ त्र दा स्य न्भ॒ व ति त॒ च्च तु र्थ॒ मु प यु॒ ज्य द दा	00000028.png	304	518	1871	659
line_crops/page033_line005.png	262534040	33	5	Sanskrit Text	ति त॒ स्मा द पी॒ त र स्मिं न्य ज्ञ॒ ऽ ए त॒ ऽ ए व त्र॒ यो यु	00000028.png	288	642	1852	781
line_crops/page033_line006.png	262534040	33	6	Sanskrit Text	क्ता॒ भ वं ति त्रि वृ द्धि॒ दे वा॒ नां त द्धि॒ दे व त्रा॒ धि	00000028.png	292	756	1832	917
line_crops/page033_line007.png	262534040	33	7	Sanskrit Text	प्र ष्टि यु ग ऽ ए व॒ च तु र्थो॒  न्वे ति मा नु षो हि स तं	00000028.png	264	1221	1802	1394
line_crops/page033_line008.png	262534040	33	8	Sanskrit Text	य॒ त्र दा स्य न्भ॒ व ति त॒ च्च तु र्थ॒ मु प यु॒ ज्य द दा	00000028.png	283	1372	1793	1518
line_crops/page033_line009.png	262534040	33	9	Sanskrit Text	ति॥११॥ अ॒ थ बा र्ह स्प त्यं॒ च रुं॒ नै वा र॒ᳰ स प्त॒ द	00000028.png	275	1518	1827	1657
line_crops/page033_line010.png	262534040	33	10	Sanskrit Text	श श रा वं नि॒ र्व्व प ति। अ॒ न्नं वा॒ ऽ ए षः ऽ उ॒ ज्ज य ति यो॒	00000028.png	273	1634	1825	1778
line_crops/page033_line011.png	262534040	33	11	Sanskrit Text	व्वा ज पे॒ ये न य॒ ज ते  न्न पे॒ यᳰ ह वै ना॒ मै त द्य॒ द्वा	00000028.png	272	1798	1829	1932
line_crops/page033_line012.png	262534040	33	12	Sanskrit Text	ज पे॒ यं त द्य॒ दे॒ वै त द॒ न्न मु द॒ जै षी त्त॒ दे॒ वा स्मा ऽ ए	00000028.png	271	1903	1838	2062
line_crops/page034_line001.png	262534041	34	1	Sanskrit Text	धी॒ त्ये॒ वै त॒ दा ह युं जं॒ तु त्वा म रु॒ तो व्वि श्व॒ वे द स ऽ	00000027.png	241	147	1845	295
line_crops/page034_line002.png	262534041	34	2	Sanskrit Text	इ॒ ति युं जं॒ तु त्वा दे वा ऽ इ॒ त्ये॒ वै इ॒ त॒ दा ह॒ ते त्व॒ ष्टा	00000027.png	263	288	1813	417
line_crops/page034_line003.png	262534041	34	3	Sanskrit Text	प त्सु॒ ज वं॒ द धा त्वि॒ ति ना॒ त्र ति रो॒ हि त मि वा स्त्य॒	00000027.png	274	415	1892	544
line_crops/page034_line004.png	262534041	34	4	Sanskrit Text	थ द क्षि णा प्र ष्टिं॒ यु न क्ति स व्या प्र ष्टिं वा ऽ अ॒ ग्रे	00000027.png	276	535	1832	671
line_crops/page034_line005.png	262534041	34	5	Sanskrit Text	मा नु षे॑ थै वं॒ दे व त्रा॒।९। स॒ यु न क्ति। ज वो य॒ स्ते	00000027.png	290	674	1868	811
line_crops/page034_line006.png	262534041	34	6	Sanskrit Text	व्वा जिं नि॒ हि तो गु॒ हा यः॒ श्ये ने प॒रीत्तोऽ अ॒च	00000027.png	301	795	1796	948
line_crops/page034_line007.png	262534041	34	7	Sanskrit Text	र च्च व्वा॒त ऽ इ॒ ति ज वो य॒ स्ते बा जि न्न॒ प्य न्य॒ त्रा ष	00000027.png	264	1221	1835	1355
line_crops/page034_line008.png	262534041	34	8	Sanskrit Text	नि॒ हि त स्ते॒ न न इ मं॒ य ज्ञ॒ म्प्र जा॒ प ति मु॒ ज्ज ये॒	00000027.png	252	1347	1793	1483
line_crops/page034_line009.png	262534041	34	9	Sanskrit Text	त्ये व इ॒ त॒ दा ह ते॒ न नो वा जि न्ब॑ ल वा न्ब॑ ले न	00000027.png	275	1487	1797	1621
line_crops/page034_line010.png	262534041	34	10	Sanskrit Text	व्वा ज जि॒ च्च भ॒ व स॒ म ने च पा र यि ष्णु रि त्यं॒ नं	00000027.png	281	1634	1817	1768
line_crops/page034_line011.png	262534041	34	11	Sanskrit Text	व्वै व्वा॒ जों ऽ न जि॒ च्च न ऽ ए॒ ध्य स्मिं॒ श्च नो य ज्ञे॒ दे	00000027.png	288	1753	1799	1905
line_crops/page034_line012.png	262534041	34	12	Sanskrit Text	व स म न॒ इ मं॒ य ज्ञं॒ प्र जा॒ प ति मु॒ ज्ज ये॒ त्ये॒ वै	00000027.png	302	1884	1817	2030
line_crops/page036_line001.png	262534043	36	1	Sanskrit Text	स॒ म भ व द॒ स र्व्वो हि वै॒ स म॒ भ व त्त॒ स्मा न्न स॒ र्व्वैः	00000025.png	273	140	1827	300
line_crops/page036_line002.png	262534043	36	2	Sanskrit Text	प द्भिः प्र॒ ति ति ष्ठ त्ये॒ कै क मे व पा॒ द मु द॒ च्य ति ष्ठ	00000025.png	274	280	1821	420
line_crops/page036_line003.png	262534043	36	3	Sanskrit Text	ति त द्य॒ दे॒ वा स्या॒ त्रा प्स्व॒ ही य त ते॒ नै॒ वै न मे	00000025.png	281	412	1794	555
line_crops/page036_line004.png	262534043	36	4	Sanskrit Text	त त्स॒ म र्द्ध य ति कृ त्स्नं॒ क रो ति त॒ स्मा द॒ श्वा न द्भि॒ र॒	00000025.png	283	541	1835	669
line_crops/page036_line005.png	262534043	36	5	Sanskrit Text	भ्यु॒ क्ष ति स्न॒ प ना या भ्य व नी य॒ मा नां त्स्न पि ता॒	00000025.png	292	650	1861	776
line_crops/page036_line006.png	262534043	36	6	Sanskrit Text	न्वो दा॒ नी ता न्।५। सो॒ भ्यु क्ष ति॒ अ॒ प्स्व न्त॒ र मृ त	00000025.png	301	773	1899	927
line_crops/page036_line007.png	262534043	36	7	Sanskrit Text	म प्सु॒ भे ष ज॒ म पा॒ मु त प्र॒ श स्ति ष्व॒ श्वा भ॒ व त व्वा	00000025.png	294	1275	1783	1411
line_crops/page036_line008.png	262534043	36	8	Sanskrit Text	जि॒ न ऽ इ॒ त्य ने ना॒ पि दे॒ वी रा पो यो॒ व ऊ र्मिः	00000025.png	302	1401	1762	1535
line_crops/page036_line009.png	262534043	36	9	Sanskrit Text	प्र॒ तू र्तिः क कु न्मा न्वा ज सा स्ते॒ ना यं व्वा॒ ज ᳰ	00000025.png	306	1524	1769	1641
line_crops/page036_line010.png	262534043	36	10	Sanskrit Text	से दि त्यं॒ नं वै व्वा॒ ज स्ते॒ ना य मं॒ न मु॒ ज्ज य त्वि॒ त्ये॒	00000025.png	304	1633	1860	1782
line_crops/page036_line011.png	262534043	36	11	Sanskrit Text	वै त॒ दा ह॒।६। अ॒ थ र॒ थं यु न क्ति। स॒ द क्षि णा यु	00000025.png	330	1763	1879	1894
line_crops/page036_line012.png	262534043	36	12	Sanskrit Text	ग्य॒ मे वा॒ ग्रे यु न क्ति स व्या यु ग्यं वा ऽ अ॒ ग्रे मा	00000025.png	334	1889	1805	2031
line_crops/page037_line001.png	262534044	37	1	Sanskrit Text	ह।४। तं॒ धू र्गृ ही त॒ म न्त र्व्वे॒ द्य॒ भ्य॒ व व र्त्त य ति व्वा॒	00000024.png	282	158	1809	305
line_crops/page037_line002.png	262534044	37	2	Sanskrit Text	ज स्य नु॒ प्र स वे॒ मा त॒ रं म ही मि त्यं॒ नं व्वै व्वा जों॒ ऽ	00000024.png	290	294	1813	421
line_crops/page037_line003.png	262534044	37	3	Sanskrit Text	न स्य नु॒ प्र स वे॒ मा त॒ रं म ही मि॒ त्ये॒ वै त॒ दा हा॒	00000024.png	315	407	1819	538
line_crops/page037_line004.png	262534044	37	4	Sanskrit Text	दि तिं ना॒ म व्व॒ च सा क रा म ह ऽ इ॒ ती यं वै॒ पृ	00000024.png	323	547	1813	674
line_crops/page037_line005.png	262534044	37	5	Sanskrit Text	थि व्य॒ दि ति स्त॒ स्मा दा हा॒ दि तिं ना॒ म व्व॒ च सा	00000024.png	321	652	1780	780
line_crops/page037_line006.png	262534044	37	6	Sanskrit Text	क रा म ह ऽ इ॒ ति य॒ स्या मि दं व्वि॒ श्वं भु॒ व न मा वि	00000024.png	340	769	1816	914
line_crops/page037_line007.png	262534044	37	7	Sanskrit Text	वे शे॒ त्य स्या ᳰ ही॒ द ᳰ स॒ र्व्वं भु॒ व न मा॒ वि ष्टं त॒ स्यां	00000024.png	256	1297	1803	1464
line_crops/page037_line008.png	262534044	37	8	Sanskrit Text	नो दे वः॒ स वि ता ध॒ र्म्म सा वि ष दि॒ ति त॒ स्यां नो	00000024.png	273	1440	1794	1583
line_crops/page037_line009.png	262534044	37	9	Sanskrit Text	दे वः॒ स वि ता य॒ ज मा न ᳰ सु व ता मि॒ त्ये॒ वै त॒ दा	00000024.png	280	1565	1815	1718
line_crops/page037_line010.png	262534044	37	10	Sanskrit Text	ह।४। अ था॒ श्वा न द्भि॒ र भ्यु॒ क्ष ति स्न॒ प ना या	00000024.png	283	1674	1769	1815
line_crops/page037_line011.png	262534044	37	11	Sanskrit Text	भ्य व नी य॒ मा नां त्स्न पि ता॒ न्वो दा॒ नी ता न द्भ्यो॒	00000024.png	283	1811	1806	1926
line_crops/page037_line012.png	262534044	37	12	Sanskrit Text	ह वा ऽ अ ग्रे॒ श्वः सं॒ ब भू व॒ सो ऽद्भ्यः॒ सं भ॒ वं न॒ स र्व्वः	00000024.png	297	1890	1835	2035
line_crops/page038_line001.png	262534045	38	1	Sanskrit Text	व ने भि॒ षिं च ति । मा॒ ध्यं दि ने स॒ व न ऽ आ जिं॒ धा वं त्ये	00000023.png	253	129	1907	278
line_crops/page038_line002.png	262534045	38	2	Sanskrit Text	ष वै॒ प्र जा॒ प ति र्य॒ ऽ ए ष॒ य ज्ञ॒ स्ता य॒ ते य॒ स्मा दि माः॒	00000023.png	260	270	1859	402
line_crops/page038_line003.png	262534045	38	3	Sanskrit Text	प्र जाः प्र॒ जा ता ऽ ए त॒ म्वे वा॒ प्ये त र्ह्य॒ नु प्र॒ जा यं ते त॒ न्म	00000023.png	268	404	1842	538
line_crops/page038_line004.png	262534045	38	4	Sanskrit Text	ध्य त॒ ऽ ए॒ वै त॒ त्प्र जा॒ प ति मु॒ ज्ज य ति।२। अ॒ गृ ही ते मा	00000023.png	277	539	1908	668
line_crops/page038_line005.png	262534045	38	5	Sanskrit Text	हें द्रे॒ । ए ष वा ऽ इं॒ द्र स्य नि॒ ष्के व ल्यो ग्र॒ हो य॒ न्मा हें	00000023.png	279	655	1865	789
line_crops/page038_line006.png	262534045	38	6	Sanskrit Text	द्रो॒ ऽ प्य स्यै त न्नि॒ ष्के व ल्य मे व॒ स्तो त्रं नि॒ ष्के व ल्य ᳰ	00000023.png	287	776	1893	912
line_crops/page038_line007.png	262534045	38	7	Sanskrit Text	श स्त्र मिं॒ द्रो वै य॒ ज मा न स्त॒ दे न ᳰ स्व॒ ऽ ए वा॒	00000023.png	263	1279	1736	1418
line_crops/page038_line008.png	262534045	38	8	Sanskrit Text	य॒ त ने भि॒ षिं च ति त॒ स्मा द॒ गृ ही ते मा हें द्रे॒।	00000023.png	273	1413	1728	1544
line_crops/page038_line009.png	262534045	38	9	Sanskrit Text	३। अ॒ थ  र॒ थ मु पा॒ व ह र ति इं॒ द्र स्य व्व॒ ज्रो सी॒ ति व्व॒ ज्रो वै र॒ थ ऽ इं॒ द्रो वै य॒	00000023.png	260	1536	1766	1665
line_crops/page038_line010.png	262534045	38	10	Sanskrit Text	ज मा न स्त॒ स्मा दा हें॒ द्र स्य व्व॒ ज्रो सी॒ ति व्वा ज सा	00000023.png	245	1665	1748	1804
line_crops/page038_line011.png	262534045	38	11	Sanskrit Text	ऽ इ॒ ति व्वा ज सा हि र॒ थ स्त्व॒ या यं व्वा॒ ज ᳰ से दि त्यं॒	00000023.png	275	1786	1804	1922
line_crops/page038_line012.png	262534045	38	12	Sanskrit Text	नं व्वै व्वा॒ ज स्त्व॒ या य मं॒ न मु॒ ज्ज य त्वि॒ त्ये वै त॒ दा	00000023.png	273	1902	1804	2058
line_crops/page039_line001.png	262534046	39	1	Sanskrit Text	य त्य॒ थ य॒ त्पु रा॒ प्र च॒ रे द्य॒ था य म॒ ध्वा न मे ष्यं त्स्या	00000022.png	294	148	1811	297
line_crops/page039_line002.png	262534046	39	2	Sanskrit Text	त्तं॒ ग त्वा स क्व त॒ तः स्या॒ दे वं त त्त॒ स्मा दे षा म॒ त्र ह	00000022.png	281	289	1797	414
line_crops/page039_line003.png	262534046	39	3	Sanskrit Text	वि॒ र्भिः प्र च रं ति।१३। त॒ दु त॒ था न॒ कु र्या त्। ह्व॒ ल	00000022.png	289	398	1838	547
line_crops/page039_line004.png	262534046	39	4	Sanskrit Text	ति वा॒ ऽ ए ष यो॒ य ज्ञ प था दे त्ये॒ ति वा॒ ऽ ए ष॒ य ज्ञ प	00000022.png	292	512	1835	648
line_crops/page039_line005.png	262534046	39	5	Sanskrit Text	था द्य॒ ऽ ए वं॒ क रो॒ ति त॒ स्मा द्य॒ त्रै वै॒ त रे षां प शू नां॒	00000022.png	267	640	1887	762
line_crops/page039_line006.png	262534046	39	6	Sanskrit Text	व्व पा॒ भिः प्र च रं ति त॒ दे॒ वै ते॒ षां व्व पा॒ भिः प्र॒ च रे	00000022.png	275	743	1811	914
line_crops/page039_line007.png	262534046	39	7	Sanskrit Text	यु र्य॒ त्रै वे॒ त रे षां प शू ना॒ ᳰ ह वि॒ र्भिः प्र च॒ रं ति त॒ दे॒ वै	00000022.png	208	1246	1860	1409
line_crops/page039_line008.png	262534046	39	8	Sanskrit Text	ट्कृ ते जु हो ति।१४। ब्रा ह्म णं॥३॥ तं वै मा॒ ध्यं दि ने स॒	00000022.png	227	1395	1866	1536
line_crops/page039_line009.png	262534046	39	9	Sanskrit Text	ते॒ षा ᳰ ह वि॒ षा प्र॒ च रे यु रे॒ का नु वा॒ क्या भ व त्ये॒ का	00000022.png	224	1509	1882	1653
line_crops/page039_line010.png	262534046	39	10	Sanskrit Text	या॒ ज्यै क दे व॒ त्या हि॒ प्र जा॒ प त य ऽ इ॒ त्यु पा ᳰ शू॒ क्त्वा	00000022.png	227	1629	1876	1762
line_crops/page039_line011.png	262534046	39	11	Sanskrit Text	छा॒ गा ना ᳰ ह वि षो॒ नु ब्रू ही॒ ति प्र जा॒ प त य ऽ इ॒ त्ये वो	00000022.png	232	1749	1879	1893
line_crops/page039_line012.png	262534046	39	12	Sanskrit Text	पा॒ ᳰ शू क्त्वा छा॒ गा ना ᳰ ह विः प्र॒ स्थि तं प्रे ष्ये॒ ति व्व॒ ष	00000022.png	240	1874	1879	1999
line_crops/page040_line001.png	262534047	40	1	Sanskrit Text	स्युः स॒ र्व मु॒ ह्ये॒ वे॒ दं प्र जा॒ प तिः।१०। त द्धै के व्वा च॒ ऽ	00000021.png	237	114	1783	264
line_crops/page040_line002.png	262534047	40	2	Sanskrit Text	उ त्त म मा॒ ल भं ते य॒ दि वै॒ प्र जा॒ प तेः प॒ र म॒ स्ति व्वा॒	00000021.png	225	253	1824	387
line_crops/page040_line003.png	262534047	40	3	Sanskrit Text	गे व त॒ दे त द्वा॒ च मु॒ ज्ज या म इ॒ ति व॒ दं त स्त॒ दु त॒ था	00000021.png	234	369	1826	510
line_crops/page040_line004.png	262534047	40	4	Sanskrit Text	न॒ कु र्या त्स॒ र्व्वं व्वा॒ इ दं॒ प्र जा॒ प ति र्य॒ दि मे॒ लो का य॒	00000021.png	239	497	1829	630
line_crops/page040_line005.png	262534047	40	5	Sanskrit Text	दि दं किं॒ च सा य॒ दे॒ वै षु॒ लो के॒ षु व्वा ग्व॒ द ति त द्वा॒	00000021.png	241	615	1802	756
line_crops/page040_line006.png	262534047	40	6	Sanskrit Text	च मु॒ ज्ज य ति त॒ स्मा दु तं न्ना॒ द्रि ये त।११। ते॒ षा मा	00000021.png	239	748	1829	893
line_crops/page040_line007.png	262534047	40	7	Sanskrit Text	वृ त् । य॒ त्र मै त्रा व रु णो॒ व्वा म दे व्य॒ म नु श॒ ᳰ स ति त॒	00000021.png	242	1275	1798	1406
line_crops/page040_line008.png	262534047	40	8	Sanskrit Text	दे षां व्व पा॒ भिः प्र॒ च रे युः प्र ज॒ न नं व्वै व्वा म दे व्यं॒ प्र ज॒	00000021.png	247	1395	1842	1521
line_crops/page040_line009.png	262534047	40	9	Sanskrit Text	न नं प्र जा॒ प तिः प्रा जा प त्या॒ ऽ ए ते त॒ स्मा दे षा म॒ त्र	00000021.png	244	1516	1831	1645
line_crops/page040_line010.png	262534047	40	10	Sanskrit Text	व्व पा॒ भि प्र॒ च रे युः।१२। अ॒ थे ष्टा॒ ऽ अ नु या जा भ॒ वं ति।	00000021.png	241	1651	1843	1785
line_crops/page040_line011.png	262534047	40	11	Sanskrit Text	अ॒ व्यू ढे स्रु॒ चा व॒ थै षा ᳰ ह वि॒ र्भिः प्र॒ च रं ति सों ऽ तों॒ ऽ	00000021.png	239	1772	1884	1908
line_crops/page040_line012.png	262534047	40	12	Sanskrit Text	तो वै॒ प्र जा॒ प ति स्त॒ दं त त॒ ऽ ए॒ वै त॒ त्प्र जा॒ प ति मु॒ ज्ज	00000021.png	239	1888	1795	2052
line_crops/page042_line001.png	262534049	42	1	Sanskrit Text	व दा॒ ना नि त द्य॒ द र्द्धा॒ नां द्वि॒ र्द्वि र व द्य॒ ति त॒ थै षा॒ कृ त्स्ना॒	00000019.png	262	129	1854	287
line_crops/page042_line002.png	262534049	42	2	Sanskrit Text	म्भ व त्य॒ थ य॒ दे तैः᳘ प्र च॒ र ति ते॒ न दै᳘ वीं व्वि॒ श मु॒ ज्ज	00000019.png	281	281	1878	404
line_crops/page042_line003.png	262534049	42	3	Sanskrit Text	य त्य॒ था र्द्धा᳘ नि मा नु ष्यै᳘ वि श ऽ उ॒ प ह र ति ते॒ नो	00000019.png	265	393	1866	539
line_crops/page042_line004.png	262534049	42	4	Sanskrit Text	मा नु षीं वि॒ श मु॒ ज्ज य ति॥५॥ त॒ दु त॒ था न॒ कु या त्	00000019.png	280	526	1893	672
line_crops/page042_line005.png	262534049	42	5	Sanskrit Text	ह्व॒ ल ति वा॒ ऽ ए ष यो॒ य ज्ञ प था दे त्ये॒ ति वा॒ ऽ ए ष॒ य	00000019.png	279	657	1878	785
line_crops/page042_line006.png	262534049	42	6	Sanskrit Text	ज्ञ प था द्य॒ ए वं॒ क रो॒ ति त॒ स्मा द्य॒ त्रै वे᳘ त रे षां प शू॒	00000019.png	289	774	1876	908
line_crops/page042_line007.png	262534049	42	7	Sanskrit Text	नां व्व पा॒ भिः प्र च॒ रं ति त॒ दे᳘ वै त॒ स्यै व्व प॒ या प्र॒ च रे	00000019.png	268	1190	1869	1353
line_crops/page042_line008.png	262534049	42	8	Sanskrit Text	यु रे क᳘ धा व दा॒ ना नि श्र प यं ति न॒ मा नु ष्यै᳘ वि श ऽ	00000019.png	249	1345	1869	1491
line_crops/page042_line009.png	262534049	42	9	Sanskrit Text	उ॒ प ह र ति॥६॥ अ॒ थ स प्त॒ द श प्रा जा प त्या॒ न्प शू ना॒ ल	00000019.png	261	1483	1867	1622
line_crops/page042_line010.png	262534049	42	10	Sanskrit Text	भ ते। ते वै स॒ र्वे तू प रा॒ भ वं ति स॒ र्व्वे श्या माः स॒ र्वे मु	00000019.png	269	1599	1849	1726
line_crops/page042_line011.png	262534049	42	11	Sanskrit Text	ष्क राः॒ प्र जा॒ प तिं वा॒ ऽ ए ष ऽ उ॒ ज्ज य ति यो॒ वा ज पे॒	00000019.png	244	1729	1814	1847
line_crops/page042_line012.png	262534049	42	12	Sanskrit Text	ये न य॒ ज तें॒ नं वै᳘ प्र जा॒ प तिः प शु र्व्वा ऽ अं॒ नं त॒ त्प्र जा॒	00000019.png	255	1841	1804	1977
line_crops/page042_line013.png	262534049	42	13	Sanskrit Text	प ति मु॒ ज्ज य ति सो॒ मो वै᳘ प्र जा॒ प तिः प शु र्वै᳘ प्र त्य॒	00000019.png	255	1962	1837	2089
line_crops/page043_line001.png	262534050	43	1	Sanskrit Text	ये॒ ऽ ए व के॒ च मा रु॒ त्यौ स्या तां। दु र्व्वे॒ दो ऽ ए व॒ व्व शा पृ᳘	00000018.png	246	150	1819	304
line_crops/page043_line002.png	262534050	43	2	Sanskrit Text	श्नि र्य॒ दि व्व शां पृ᳘ श्निं न॒ विं दे॑ द॒ पि᳘ यै॒ व का॒ च व्व	00000018.png	258	296	1837	435
line_crops/page043_line003.png	262534050	43	3	Sanskrit Text	शा॒ स्या त्।३। त॒ स्या ऽ आ वृ त्। य॒ त्र हो॒ ता मा हें द्रं	00000018.png	260	427	1784	560
line_crops/page043_line004.png	262534050	43	4	Sanskrit Text	ग्र॒ ह म नु श᳘ ᳰ स ति त॒ द स्यै व्व प॒ या प्र॒ च रे यु रे	00000018.png	266	533	1847	680
line_crops/page043_line005.png	262534050	43	5	Sanskrit Text	ष वा ऽ इं॒ द्र स्य नि॒ ष्के व ल्यो ग्र᳘ हो य॒ न्मा हें द्रो॒ प्य	00000018.png	246	666	1815	807
line_crops/page043_line006.png	262534050	43	6	Sanskrit Text	स्यै त न्नि॒ ष्के व ल्य मे व॒ स्तो त्रं नि॒ ष्के व ल्य ᳰ श स्त्र	00000018.png	266	790	1819	923
line_crops/page043_line007.png	262534050	43	7	Sanskrit Text	मि॒ न्द्रो वै य॒ ज मा न स्त॒ न्म ध्य त॒ ऽ ए वै त द्य॒ ज मा ने	00000018.png	299	1233	1804	1398
line_crops/page043_line008.png	262534050	43	8	Sanskrit Text	व्वी र्यं॒ द धा ति त॒ स्मा द स्या ऽ अ॒ त्र व्व प॒ या प्र॒ च रे	00000018.png	311	1384	1780	1517
line_crops/page043_line009.png	262534050	43	9	Sanskrit Text	युः॥४॥ द्वे धा॒ व दा॒ ना नि श्र प य न्ति। त॒ तो र्द्धा॒ नां	00000018.png	286	1506	1782	1634
line_crops/page043_line010.png	262534050	43	10	Sanskrit Text	जु ह्वा॒ मु प स्ती॑ र्य द्वि॒ र्द्वि र॒ व द्य ति स कृ द भि॒ घा	00000018.png	296	1616	1794	1764
line_crops/page043_line011.png	262534050	43	11	Sanskrit Text	र य ति प्र॒ त्य न क्त्य व दा॒ ना न्य॒ थो प भृ ति स कृ	00000018.png	309	1750	1782	1883
line_crops/page043_line012.png	262534050	43	12	Sanskrit Text	त्स कृ द॒ व द्य ति द्वि॒ र भि॒ घा र य ति न प्र॒ त्य न क्त्य	00000018.png	311	1861	1833	2020
line_crops/page045_line001.png	262534052	45	1	Sanskrit Text	व च्च नै॒ नो भ व ति या॒ व त्तृ॒ ण स्या॒ ग्रं तौ उ॒ सा द य तः॥	00000016.png	238	201	1849	333
line_crops/page045_line002.png	262534052	45	2	Sanskrit Text	१८॥ अ॒ था ध्व र्युः॒ हि र ण्य पा त्रे॒ ण म धु ग्र हं॒ गृ ह्णा	00000016.png	277	308	1805	427
line_crops/page045_line003.png	262534052	45	3	Sanskrit Text	ति तं म॒ ध्ये सो म ग्र हा॒ णा ᳰ सा द य त्य॒ थो क्थ्यं गृ	00000016.png	269	421	1879	536
line_crops/page045_line004.png	262534052	45	4	Sanskrit Text	ह्णा त्य॒ थ ध्रु व म॒ थै तां॒ त्सो म ग्र हा॒ नु त्त मे॒ स्तो त्र॒ ऽ	00000016.png	261	518	1829	657
line_crops/page045_line005.png	262534052	45	5	Sanskrit Text	ऋ त्वि॒ जां च म से॒ षु व्य व नी॒ य जु ह्व ति॑ ता॒ न्भ क्ष यं	00000016.png	259	637	1849	774
line_crops/page045_line006.png	262534052	45	6	Sanskrit Text	त्य॒ थ मा॒ ध्यं दि ने स॒ व ने म धु ग्र ह॒ स्य च सु रा ग्र हा॒	00000016.png	207	746	1900	883
line_crops/page045_line007.png	262534052	45	7	Sanskrit Text	णां चो द्य ते त स्या॒ तः॥१९॥ ब्राह्मणं॥२॥ आ ग्ने य॒ म	00000016.png	257	1268	1796	1413
line_crops/page045_line008.png	262534052	45	8	Sanskrit Text	ग्नि ष्टो मः ऽ आ॒ ल भ ते । अ ग्नि र्व्वा॒ अ ग्नि ष्टो॒ मो ऽ ग्नि ष्टो॑	00000016.png	295	1397	1798	1549
line_crops/page045_line009.png	262534052	45	9	Sanskrit Text	म॒ मे॒ वै ते नो॒ ज्ज य त्यैं द्रा ग्न॒ मु क्थे॒ भ्य ऽ आ॒ ल भ त ऽ	00000016.png	291	1540	1804	1669
line_crops/page045_line010.png	262534052	45	10	Sanskrit Text	ऐं द्रा ग्ना॒ नि वा॒ ऽ उ क्था॒ न्यु क्था न्ये॒ वै ते नो॒ ज्ज य त्यैं	00000016.png	301	1666	1903	1803
line_crops/page045_line011.png	262534052	45	11	Sanskrit Text	द्र॒ ᳰ षो ड शि॒ न ऽ आ॒ ल भ त ऽ इं॒ द्रो वै॒ षो ड शी॒ षो ड	00000016.png	302	1779	1797	1906
line_crops/page045_line012.png	262534052	45	12	Sanskrit Text	शि॒ न मे॒ वै ते नो॒ ज्ज य ति॥१॥ सा र स्व त॒ ᳰ स प्त द	00000016.png	302	1880	1828	2014
line_crops/page046_line001.png	262534053	46	1	Sanskrit Text	ण्य भ्य॒ व ह रं ति पु रो क्ष॒ मे व॒ प्र त्यं ङा॒ सी नो ध्व र्युः॒ सो म	00000015.png	218	164	1807	303
line_crops/page046_line002.png	262534053	46	2	Sanskrit Text	ग्र हा॒ न्गृ ह्णा॒ ति प श्चा द क्षं प्रा ङा॒ सी नो ने॒ ष्टा सु रा ग्र	00000015.png	219	284	1786	420
line_crops/page046_line003.png	262534053	46	3	Sanskrit Text	हां॒ त्सो म ग्र ह॒ मे॒ वा ध्व र्यु र्गृ ह्णा॒ ति सु रा ग्र हं ने॒ ष्टा सो	00000015.png	217	418	1813	560
line_crops/page046_line004.png	262534053	46	4	Sanskrit Text	म ग्र ह॒ मे॒ वा ध्व र्यु॒ र्गृ ह्णा॒ ति सु रा ग्र हं ने॒ ष्टै व॒ मे वै ना	00000015.png	217	543	1826	687
line_crops/page046_line005.png	262534053	46	5	Sanskrit Text	न्व्य त्या॒ सं गृ ह्णी तः॥१६॥ न॒ प्र त्यं॒ च म॒ क्ष म ध्व र्युः॒ सो म	00000015.png	217	669	1800	806
line_crops/page046_line006.png	262534053	46	6	Sanskrit Text	ग्र ह॒ म ति ह॒ र ति न प्रां॒ च म॒ क्षं ने॒ ष्टा सु रा ग्र हं ने ज्ज्यो॑	00000015.png	238	790	1820	955
line_crops/page046_line007.png	262534053	46	7	Sanskrit Text	ति श्च त॒ म श्च स ᳰ सृ जा वे॒ ति॥१७॥ उ प॒ र्यु प र्ये वा॒ क्ष	00000015.png	269	1236	1838	1382
line_crops/page046_line008.png	262534053	46	8	Sanskrit Text	म ध्व र्युः॒ सो म ग्र हं॒ धा र॒ य त्य॒ धो धो॒ क्षं ने॒ ष्टा सु रा ग्र	00000015.png	274	1376	1851	1490
line_crops/page046_line009.png	262534053	46	9	Sanskrit Text	हं॒ ᳰ सं पृ चौ स्थः सं॒ मा भ द्रे॒ ण पृ ङ्त मि॒ ति ने॒ त्पा प	00000015.png	264	1507	1794	1637
line_crops/page046_line010.png	262534053	46	10	Sanskrit Text	मि॒ ति ब्र॒ वा वे॒ ति तौ पु॒ न र्वि॒ ह र तो व्वि पृ चौ स्थो वि॒	00000015.png	266	1629	1877	1771
line_crops/page046_line011.png	262534053	46	11	Sanskrit Text	मा पा प्म॒ ना पृ ङ्त मि॒ ति त द्य॒ थे षी॒ कां मुं जा द्वि वृ हे॒	00000015.png	282	1757	1803	1893
line_crops/page046_line012.png	262534053	46	12	Sanskrit Text	दे॒ व॒ मे न ᳰ स॒ र्व्व स्मा त्पा प्म॒ नो  व्वि॒ वृ ह त स्त॒ स्मि न्न ता॒	00000015.png	272	1866	1826	2022
line_crops/page047_line001.png	262534054	47	1	Sanskrit Text	ति मु॒ ज्ज य ति॥१३॥ अ॒ थ य॒ त्र रा॒ जा नं क्री णा॒ ति त॒ द्द	00000014.png	268	101	1830	259
line_crops/page047_line002.png	262534054	47	2	Sanskrit Text	क्षि ण तः॒ प्र ति वे श तः॒ के श वा त्पु॒ रु षा त्सी॑ से न प	00000014.png	285	237	1793	361
line_crops/page047_line003.png	262534054	47	3	Sanskrit Text	रि स्रु॒ तं क्री णा ति न वा॒ ऽ ए ष स्त्री न पु॒ मा न्य॒ त्के श वः	00000014.png	257	358	1819	498
line_crops/page047_line004.png	262534054	47	4	Sanskrit Text	पु॒ रु षो य द॒ ह पु॒ मां स्ते॒ न न स्त्री य॒ दु के श व स्ते॒ नो	00000014.png	261	509	1780	639
line_crops/page047_line005.png	262534054	47	5	Sanskrit Text	न पु॒ मा न्नै॒ त द॒ यो न हि॒ र ण्यं य त्सी॒ सं॒ नै ष॒ सो॒ मो	00000014.png	279	623	1759	757
line_crops/page047_line006.png	262534054	47	6	Sanskrit Text	न सु॒ रा य॒ त्प रि स्रु त्त॒ स्मा त्के श वा त्पु॒ रु षा त्सी॑ से न	00000014.png	263	745	1809	914
line_crops/page047_line007.png	262534054	47	7	Sanskrit Text	प रि स्रु॒ तं क्री णा ति॥१४॥ अ॒ थ पू र्वे द्युः द्वौ ख॒ रौ कु र्वं	00000014.png	211	1261	1798	1420
line_crops/page047_line008.png	262534054	47	8	Sanskrit Text	ति पु रो क्ष॒ मे॒ वा न्यं॒ प श्चा द क्ष॒ मं न्यं ने॒ त्सो म ग्र हां॒ श्च सु	00000014.png	220	1414	1811	1542
line_crops/page047_line009.png	262534054	47	9	Sanskrit Text	रा ग्र हां॒ श्च स ह॒ सा द॒ या मे॒ ति त॒ स्मा त्पू र्व्वे द्यु र्द्वौ ख॒	00000014.png	222	1521	1806	1662
line_crops/page047_line010.png	262534054	47	10	Sanskrit Text	रौ कु र्व्वं ति पु रो क्ष॒ मे॒ वा न्यं॒ प श्चा द क्ष॒ म न्यं ॥१५॥ अ॒ थ य॒	00000014.png	228	1647	1852	1794
line_crops/page047_line011.png	262534054	47	11	Sanskrit Text	त्र पू॒ र्व या द्वा रा॒ व्व स ती व॒ रीः प्र पा द॒ यं ति त द॒ प र या	00000014.png	246	1786	1787	1918
line_crops/page047_line012.png	262534054	47	12	Sanskrit Text	द्वा रा ने॒ ष्टा प रि स्रु॒ तं प्र॒ पा द य ति॑ द क्षि ण तः पा॒ त्रा	00000014.png	250	1899	1791	2053
line_crops/page049_line001.png	262534056	49	1	Sanskrit Text	सो यो॒ यं प॒ व ते॑ स॒ ऽ ए ष सू॒ र्ये स मा॒ हि तः सू॒ र्या त्प व त ऽ	00000012.png	203	115	1855	266
line_crops/page049_line002.png	262534056	49	2	Sanskrit Text	ए त॒ मे॒ वै ते॒ न र॒ स मु॒ ज्ज य ति॥7॥ ग्र॒ हा ऽ ऊ र्ज्जा हु त यः।	00000012.png	205	253	1847	385
line_crops/page049_line003.png	262534056	49	3	Sanskrit Text	व्यं॒ तो व्वि॒ प्रा य म तिं॥ ते॒ षां वि॒ शि प्रि या णां व्वो ह मि॒ ष मू॒	00000012.png	201	366	1877	515
line_crops/page049_line004.png	262534056	49	4	Sanskrit Text	र्ज ᳰ स॒ म ग्र भ॑ मु प या म॒ गृ ही तो सीं॒ द्रा य त्वा जु॒ ष्टं गृ	00000012.png	198	489	1858	641
line_crops/page049_line005.png	262534056	49	5	Sanskrit Text	ह्णा म्ये ष॒ ते यो॒ नि रिं॒ द्रा य त्वा जु॒ ष्ट त म मि॒ ति सा द य	00000012.png	152	619	1822	751
line_crops/page049_line006.png	262534056	49	6	Sanskrit Text	त्यू र्ग्वै र॒ सो र॒ स मे॒ वै ते नो॒ ज्ज य ति॥8॥ ता न्वा॒ ए ता॒ न्	00000012.png	194	736	1844	912
line_crops/page049_line007.png	262534056	49	7	Sanskrit Text	पं॒ च व्वा ज पे य ग्र हा॒ न्गृ ह्णा ति॑ प्र जा॒ प तिं वा॒ ऽ ए ष ऽ उ॒ ज्ज	00000012.png	230	1277	1788	1404
line_crops/page049_line008.png	262534056	49	8	Sanskrit Text	य ति यो॒ व्वा ज पे॒ ये न य॒ ज ते॑ सं व्व त्स रो वै॒ प्र जा॒ प तिः	00000012.png	239	1399	1799	1555
line_crops/page049_line009.png	262534056	49	9	Sanskrit Text	प॒ ञ्च वा॒ ऽ ऋ त॒ वः सं व्व त्स र॒ स्य त॒ त्प्र जा॒ प ति मु॒ ज्ज य ति त॒	00000012.png	235	1530	1848	1670
line_crops/page049_line010.png	262534056	49	10	Sanskrit Text	द॒ स्मा त्पं॒ च व्वा ज पे य ग्र हा॒ न्गृ ह्णा ति॒॥9॥ अ॒ थ स प्त॒ द	00000012.png	247	1654	1811	1796
line_crops/page049_line011.png	262534056	49	11	Sanskrit Text	श सो म ग्र हा॒ न्गृ ह्णा॒ ति। स प्त॒ द श सु रा ग्र हा॒ न्प्र जा॒	00000012.png	245	1789	1816	1918
line_crops/page049_line012.png	262534056	49	12	Sanskrit Text	प ते र्व्वा॒ ऽ ए ते ऽ अं॒ ध सी य त्सो॒ म श्च सु॒ रा च त॒ तः स त्य ᳰ	00000012.png	244	1902	1830	2058
line_crops/page050_line001.png	262534057	50	1	Sanskrit Text	यै व॑ त॒ स्मा द्वा॒ ऽ अं शुं गृ ह्णा त्य॒ थै ता न्प्र॒ ज्ञा ता ने	00000011.png	212	111	1828	269
line_crops/page050_line002.png	262534057	50	2	Sanskrit Text	वा॒ ग्नि ष्टो मि का न्ग्र॒ हा न्गृ ह्णा॒ त्या॒ ग्र य णात्॥1॥	00000011.png	205	256	1815	386
line_crops/page050_line003.png	262534057	50	3	Sanskrit Text	अ॒ थ पृ ष्ठ्या॒ न्गृ ह्णा ति॥ त द्य॒ दे॒ वै तै॒ र्दे वा॒ ऽ उ द॒ ज	00000011.png	219	404	1811	550
line_crops/page050_line004.png	262534057	50	4	Sanskrit Text	यं स्त॒ दे॒ वै ष॒ ऽ ए तै रु॒ ज्ज य ति॒॥2॥ अ॒ थ षो ड शि॒ नं गृ	00000011.png	221	542	1842	687
line_crops/page050_line005.png	262534057	50	5	Sanskrit Text	ह्णा ति॑ । त द्य॒ दे॒ वै ते नें॒ द्र ऽ उ द॒ ज य त्त॒ दे॒ वै ष॒ ऽ ए ते नो॒	00000011.png	228	669	1878	827
line_crops/page050_line006.png	262534057	50	6	Sanskrit Text	ज्ज य ति॒॥3॥ अ॒ थै ता न्प॑ ञ्च वा ज पे य ग्र हा॒ न्गृ ह्णा ति।	00000011.png	223	814	1810	952
line_crops/page050_line007.png	262534057	50	7	Sanskrit Text	य त्ये॑ ष वै॒ दे व स॒ न्ना क स॒ दे ष॒ ऽ ए व॒ दे व लो को॑ दे	00000011.png	252	1237	1887	1401
line_crops/page050_line008.png	262534057	50	8	Sanskrit Text	व लो क॒ मे॒ वै ते नो॒ ज्ज य ति॥6॥ अ पा ᳰ र॒ स मु॒ द्व	00000011.png	260	1382	1885	1528
line_crops/page050_line009.png	262534057	50	9	Sanskrit Text	य स ᳰ सू॒ र्ये स॒ न्त ᳰ स मा॒ हि तं॥ अ पा ᳰ र॒ स स्य	00000011.png	265	1532	1876	1669
line_crops/page050_line010.png	262534057	50	10	Sanskrit Text	यो र॒ स स्तं॒ व्वो गृ ह्णा म्यु त्त म॒ मु प या म॒ गृ ही तो	00000011.png	272	1658	1856	1809
line_crops/page050_line011.png	262534057	50	11	Sanskrit Text	ऽसीं॒ द्रा य त्वा जु॒ ष्टं गृ ह्णा म्ये ष॒ ते यो॒ नि रि॒ न्द्रा य	00000011.png	271	1795	1843	1936
line_crops/page050_line012.png	262534057	50	12	Sanskrit Text	त्वा जु॒ ष्ट त म मि॒ ति सा द य त्ये॒ ष वा॒ अ पा ᳰ र॒	00000011.png	259	1920	1865	2086
line_crops/page051_line001.png	262534058	51	1	Sanskrit Text	ष॒ ते यो॒ नि रिं॒ द्रा य त्वा जु॒ ष्ट त म मि॒ ति सा द य त्ये॑ षा	00000010.png	233	96	1873	257
line_crops/page051_line002.png	262534058	51	2	Sanskrit Text	वै॒ लो का॒ ना म य॒ मे व॒ व्यो मे द॒ मं त॒ रि क्ष मं त रि	00000010.png	238	235	1826	381
line_crops/page051_line003.png	262534058	51	3	Sanskrit Text	क्ष लो क॒ मे॒ वै ते नो॒ ज्ज य ति॥5॥ पृ थि वि स॒ दं	00000010.png	254	366	1817	497
line_crops/page051_line004.png	262534058	51	4	Sanskrit Text	त्वा अं त रि क्ष स॒ दं दि वि स॒ दं दे व स॒ दं ना क स॒	00000010.png	254	489	1857	625
line_crops/page051_line005.png	262534058	51	5	Sanskrit Text	द मु प या म॒ गृ ही तो सी॒ न्द्रा य त्वा जु॒ ष्टं गृ ह्णा	00000010.png	259	617	1868	746
line_crops/page051_line006.png	262534058	51	6	Sanskrit Text	म्ये ष॒ ते यो॒ नि रि॒ न्द्रा य त्वा जु॒ ष्ट त म मि॒ ति सा द	00000010.png	266	727	1822	916
line_crops/page051_line007.png	262534058	51	7	Sanskrit Text	व्यो॑ ग न्ध र्व्वः॒ के त पूः॑ के॒ तं नः पु ना तु॑ व्वा च स्प॒ ति र्व्वा॒	00000010.png	242	1234	1820	1391
line_crops/page051_line008.png	262534058	51	8	Sanskrit Text	ज नः स्व द तु स्वा हे॒ ति॑ प्र जा॒ प ति र्व्वै॒ व्वा च स्प॒ ति रं॒	00000010.png	231	1369	1873	1521
line_crops/page051_line009.png	262534058	51	9	Sanskrit Text	नं व्वा॒ जः प्र जा॒ प ति र्न ऽ इ द॒ म द्यां॒ न ᳰ स्व द त्वि॒ त्ये॒	00000010.png	231	1509	1850	1670
line_crops/page051_line010.png	262534058	51	10	Sanskrit Text	वै त॒ दा ह॑ स॒ ऽ ए ता॒ मे वा॒ हु तिं जु हो त्या॒ श्वः सु त्या॒ या	00000010.png	210	1656	1813	1794
line_crops/page051_line011.png	262534058	51	11	Sanskrit Text	ऽ ए त॒ द्ध्य स्यै त त्क र्म्मा॒ र ब्धं भ॒ व ति॑ प्र॒ सं न ऽ ए तं॒ य ज्ञं॒	00000010.png	228	1774	1817	1936
line_crops/page051_line012.png	262534058	51	12	Sanskrit Text	भ व ति॑॥१॥ अ ᳰ शुं॒ गृ ह्णा ति॥ सर्वत्वा॒	00000010.png	214	1900	1838	2066
line_crops/page052_line001.png	262534059	52	1	Sanskrit Text	व त्त॒ त्स वि तृ॒ प्र सू त ऽ उ द॒ ज य॑ दे व॒ मे वै ष॒ ऽ ए त॒ त्स	00000009.png	205	150	1831	315
line_crops/page052_line002.png	262534059	52	2	Sanskrit Text	वि ता॒ र मे व॒ प्र स वा यो॒ प धा व ति स वि ता वै॒ दे वा॒	00000009.png	223	293	1825	429
line_crops/page052_line003.png	262534059	52	3	Sanskrit Text	नां प्र स वि॒ ते द॒ मे प्र॒ सु व॑ त्व॒ त्प्र सू त ऽ इ द मु॒ ज्जया	00000009.png	251	431	1833	563
line_crops/page052_line004.png	262534059	52	4	Sanskrit Text	नी॒ ति त॒ द स्मै स वि ता॒ प्र स वि ता प्र॒ सौ ति॑ त॒ त्स	00000009.png	257	553	1798	692
line_crops/page052_line005.png	262534059	52	5	Sanskrit Text	वि तृ॒ प्रसूत ऽ उ॒ ज्ज य ति॥15॥ त॒ स्मा दा हा दे॒ व	00000009.png	261	679	1780	817
line_crops/page052_line006.png	262534059	52	6	Sanskrit Text	स वि तः प्र॒ सु व य ज्ञं प्र॒ सु व य ज्ञ॒ प तिं भ॒ गा य दि	00000009.png	268	792	1796	944
line_crops/page052_line007.png	262534059	52	7	Sanskrit Text	ध्रु व स॒ दं त्वा नृ ष॒ दं म नः स॒ द मु प या म॒ गृ ही	00000009.png	210	1229	1788	1374
line_crops/page052_line008.png	262534059	52	8	Sanskrit Text	तो सी॒ न्द्रा य त्वा जु॒ ष्टं गृ ह्णा म्ये ष॒ ते यो॒ नि रि॒ न्द्रा य	00000009.png	219	1361	1819	1510
line_crops/page052_line009.png	262534059	52	9	Sanskrit Text	त्वा जु॒ ष्ट त म मि॒ ति सा द य त्ये षां वै॒ लो का॒ ना म	00000009.png	234	1495	1877	1647
line_crops/page052_line010.png	262534059	52	10	Sanskrit Text	य॒ मे व॒ ध्रु व॒ ऽ इ यं॒ पृ थि॒ वी॑ म॒ मे॒ वै॒ ते॒ न लो क	00000009.png	233	1638	1808	1794
line_crops/page052_line011.png	262534059	52	11	Sanskrit Text	मु॒ ज्ज य ति॥4॥ अ प्सु ष॒ दं त्वा घृ त स॒ दं व्यो म स॒	00000009.png	234	1790	1813	1939
line_crops/page052_line012.png	262534059	52	12	Sanskrit Text	द मु प या म॒ गृ ही ता ऽसीं॒ द्रा य त्वा जु॒ ष्टं गृ ह्णा म्ये	00000009.png	239	1916	1852	2083
line_crops/page053_line001.png	262534060	53	1	Sanskrit Text	म॒ व र वै॒ रा ज सू॒ यं प॒ रं व्वा ज पे॒ यं॥12॥ रा॒ जा वै॒ रा	00000008.png	188	122	1781	285
line_crops/page053_line002.png	262534060	53	2	Sanskrit Text	ज सू॒ ये ने ष्ट्वा भ॒ व ति॥ स म्रा॒ ड्वा ज पे॒ ये ना॒ व र ᳰ हि॒	00000008.png	176	279	1820	423
line_crops/page053_line003.png	262534060	53	3	Sanskrit Text	रा ज्यं॑ प॒ र ᳰ सा॒ म्रा ज्यं॑ का म॒ ये त वै रा॒ जा स म्रा ड्भ॑ वि तु	00000008.png	182	420	1786	551
line_crops/page053_line004.png	262534060	53	4	Sanskrit Text	म॒ व र ᳰ हि॒ रा ज्यं प॒ रᳰ सा॒ म्रा ज्यं॑ न॒ स म्रा॑ ट्का म ये त रा॒	00000008.png	122	545	1781	680
line_crops/page053_line005.png	262534060	53	5	Sanskrit Text	जा भ॒ वि तु म॒ व र ᳰ हि॒ रा ज्यं॑ प॒ र ᳰ सा॒ म्रा ज्यं॥13॥ स	00000008.png	182	670	1770	803
line_crops/page053_line006.png	262534060	53	6	Sanskrit Text	यो॒ व्वा ज पे॒ ये ने ष्ट्वा॑ स म्रा ड्भ॑ व ति। स इद ᳰ स॒र्व्व	00000008.png	188	786	1766	956
line_crops/page053_line007.png	262534060	53	7	Sanskrit Text	ᳰ सं॒ व्वृ ङ्क्ते स क॒ र्म णः क र्म णः पु र॒ स्ता दे तां॒ सा वि	00000008.png	270	1265	1796	1419
line_crops/page053_line008.png	262534060	53	8	Sanskrit Text	त्री मा॒ हु तिं जु हो ति दे॒ व स वि तः प्र॒ सु व य ज्ञ म्प्र॒	00000008.png	287	1410	1751	1558
line_crops/page053_line009.png	262534060	53	9	Sanskrit Text	सु व य ज्ञ॒ प ति म्भ॒ गा ये॒ ति॥14॥ त द्य॒ थै वा॒ दो बॄ	00000008.png	274	1560	1747	1699
line_crops/page053_line010.png	262534060	53	10	Sanskrit Text	ह स्प॒ तिः स वि ता॒ र म्प्र स वा॒ यो पा॒ धा व त्स वि ता	00000008.png	263	1678	1760	1816
line_crops/page053_line011.png	262534060	53	11	Sanskrit Text	व इ॒ दे वा॒ ना म्प्र स वि ते॒ द॒ म्मे प्र॒ सु व त्व॒ त्प्र सू त इ द	00000008.png	263	1807	1777	1930
line_crops/page053_line012.png	262534060	53	12	Sanskrit Text	मु॒ ज्ज या नी॒ ति त॒ द स्मै स वि ता॒ प्र स वि ता प्रा॒ सु	00000008.png	256	1917	1810	2059
line_crops/page055_line001.png	262534062	55	1	Sanskrit Text	ची॒ न म्प्र त्य॒ व रो ह न्ति॥५॥ ते ने॒ न्द्रो ऽ य ज त स॒ इ दं	00000006.png	257	141	1819	292
line_crops/page055_line002.png	262534062	55	2	Sanskrit Text	स॒ र्व म भ व त्स॒ इ द ᳩ स॒ र्व मु॒ द ज य त्प्र जा॒ प तिं	00000006.png	260	273	1787	416
line_crops/page055_line003.png	262534062	55	3	Sanskrit Text	ह्यु॒ द॒ ज य त्स॒ र्व मु  ह्ये॒ वे॒ द॒ म्प्र जा॒ प ति स्ते॒ ने ष्ट्व इ॒	00000006.png	249	395	1782	558
line_crops/page055_line004.png	262534062	55	4	Sanskrit Text	ता॒ मे वो॒ र्ध्वां दि॒ श मु॒ द क्रा म त्॥६॥ श तं ॥ २९००॥	00000006.png	239	553	1766	685
line_crops/page055_line005.png	262534062	55	5	Sanskrit Text	त द्ये॒ ह स्म पु रा॒ वा ज पे॒ ये न य॒ ज न्ते ए तां॒ ह स्मै	00000006.png	236	688	1771	839
line_crops/page055_line006.png	262534062	55	6	Sanskrit Text	वो॒ र्ध्वां दि॒ श मु॒ त्क्रा म न्ति त॒ त अ उ॒ पा वि नै व॒ जा न श्रु	00000006.png	252	817	1777	968
line_crops/page055_line007.png	262534062	55	7	Sanskrit Text	ते ये॒ न प्र त्य॒ व रू ढं त॒ तोऽ र्वा ची॒ न म्प्र त्य॒ व रो ह	00000006.png	235	1216	1836	1372
line_crops/page055_line008.png	262534062	55	8	Sanskrit Text	न्ति॥७॥ स यो॒ वा ज पे॒ ये न य॒ ज ते स॒ इ द ᳩ स॒ र्व म्भ व ति स॒	00000006.png	241	1351	1832	1499
line_crops/page055_line009.png	262534062	55	9	Sanskrit Text	इ द ᳩ स॒ र्व मु॒ ज्ज य ति प्र जा॒ प ति ᳩ ह्यु॒ ज्ज॒ यति  स॒	00000006.png	241	1481	1829	1621
line_crops/page055_line010.png	262534062	55	10	Sanskrit Text	र्व मु ह्ये॒ वे॒ द॒ म्प्र जा॒ प तिः॥८॥ त॒ दा हुः न॒ वा ज पे॒ ये न	00000006.png	245	1623	1833	1760
line_crops/page055_line011.png	262534062	55	11	Sanskrit Text	य जे॒ त स॒ र्वं वा॒ ए ष॒ इ द मु॒ ज्ज य ति यो॒ वा ज पे॒ ये	00000006.png	262	1744	1831	1893
line_crops/page055_line012.png	262534062	55	12	Sanskrit Text	न य॒ ज ते प्र जा॒ प ति ᳩ ह्यु॒ ज्ज॒ य ति स॒ र्व मु ह्ये॒ वे॒ दं	00000006.png	270	1869	1800	2017
line_crops/page056_line001.png	262534063	56	1	Sanskrit Text	न्मु॑ खं य॒ द ति मा नः॒॥१॥ अ॒ थ दे वाः॒ अ न्यो॒ न्य॒	00000005.png	257	107	1732	261
line_crops/page056_line002.png	262534063	56	2	Sanskrit Text	स्मि न्ने व जु॒ ह्व त श्चे रु स्ते॒ भ्यः प्र जा॒ प ति रा त्मा॒	00000005.png	272	231	1739	380
line_crops/page056_line003.png	262534063	56	3	Sanskrit Text	न म्प्र॒ द दौ य ज्ञो॒ है षा मा स य ज्ञो हि॒ दे वा॒ ना	00000005.png	272	380	1739	519
line_crops/page056_line004.png	262534063	56	4	Sanskrit Text	म॒ न्न म्॥२॥ ते॒ हो चुः क॒ स्य न इ द॒ म्भ वि ष्य ती॒ ति ते	00000005.png	272	511	1739	631
line_crops/page056_line005.png	262534063	56	5	Sanskrit Text	म॒ म म मे॒ त्ये व न॒ स म्पा द यां॒ च क्रु स्ते हा॒ स म्पा	00000005.png	279	630	1754	761
line_crops/page056_line006.png	262534063	56	6	Sanskrit Text	द्यो चु रा जि॒ मे वा॒ स्मि॑ न्न जा म है स यो॒ न उ	00000005.png	279	757	1732	911
line_crops/page056_line007.png	262534063	56	7	Sanskrit Text	य त्प्र जा॒ प ति ह्यु॒ द॒ ज य त्स॒ र्व मु ह्ये॒ वे॒ दं प्र जा॒	00000005.png	301	1265	1809	1400
line_crops/page056_line008.png	262534063	56	8	Sanskrit Text	प ति स्ते॒ ने ष्ट्वै ता॒ मे वो॒ र्द्ध्वां दि॒ श मु॒ द क्रा म॑ त्त॒	00000005.png	298	1373	1821	1511
line_crops/page056_line009.png	262534063	56	9	Sanskrit Text	स्मा द्य॒ शच व्वे॒ द य॒ श्चा ने॒ षो बॄ ह स्प॒ ते र्दि गि॒	00000005.png	304	1503	1802	1653
line_crops/page056_line010.png	262534063	56	10	Sanskrit Text	त्ये॒ वा हुः॑॥४॥ त द्ये॒ ह स्म पु रा॒ वा ज पे॒ ये न य॒ ज	00000005.png	309	1642	1784	1769
line_crops/page056_line011.png	262534063	56	11	Sanskrit Text	न्ते ए ता॒ ᳩ ह स्मै वो॒ र्ध्वा दि॒ श मु॒ त्क्रा म न्ति त॒ त ऽ उ॒	00000005.png	319	1768	1835	1918
line_crops/page056_line012.png	262534063	56	12	Sanskrit Text	पा वि नै व॒ जा न श्रु ते ये॒ न प्र त्य॒ व रू ढं  त॒ तो ऽ र्व्वा	00000005.png	328	1895	1832	2034
line_crops/page057_line001.png	262534064	57	1	Sanskrit Text	ॐ न मो ग णे शा य। दे वा॒ श्च वाऽ अ॒ सु रा श्च	00000004.png	256	141	1728	279
line_crops/page057_line002.png	262534064	57	2	Sanskrit Text	उ भ॒ ये प्रा जा प त्याः॒ प स्पृ धि रे त तो॒ऽ सु रा अ ति	00000004.png	256	279	1728	413
line_crops/page057_line003.png	262534064	57	3	Sanskrit Text	मा ने॒ नै व क॒ स्मि न्नु॑ व यं॒ जु हु या मे॒ ति स्वे॒ ष्वे	00000004.png	255	427	1749	566
line_crops/page057_line004.png	262534064	57	4	Sanskrit Text	वा॒ स्ये॒ षु जु॒ ह्व त श्चे रु स्ते॒ ऽ ति मा ने॒ नै व प॒ रा ब	00000004.png	256	536	1751	685
line_crops/page057_line005.png	262534064	57	5	Sanskrit Text	भू वु स्त॒ स्मा न्ना॒ ति म न्ये त प रा भ व॒ स्य है त	00000004.png	274	695	1753	830
line_crops/page057_line006.png	262534064	57	6	Sanskrit Text	ज्जे ष्य॒ ति त॒ स्य न इ द॒ म्भ वि ष्य ती॒ ति त थे॒ ति त॒ स्मि न्ना	00000004.png	230	1184	1807	1334
line_crops/page057_line007.png	262534064	57	7	Sanskrit Text	जि॒ मा ज न्त स बॄ ह स्प॒ तिः स वि ता॒ र मे व॒ प्र स	00000004.png	208	1327	1773	1449
line_crops/page057_line008.png	262534064	57	8	Sanskrit Text	वा यो॒ पा धा व त्स वि ता व इ॒ दे वा॒ ना म्प्र स वि ते॒ द	00000004.png	206	1443	1799	1591
line_crops/page057_line009.png	262534064	57	9	Sanskrit Text	म्मे प्र॒ सु व त्व॒ त्प्र सू त इ द मु॒ ज्ज या नी॒ ति त॒ द स्मै	00000004.png	223	1574	1786	1705
line_crops/page057_line010.png	262534064	57	10	Sanskrit Text	स वि ता॒ प्र स वि ता प्रा॒ सु व त्त॒ त्स वि तॄ प्र सू त उ॒ द	00000004.png	230	1710	1801	1830
